,Account,Compound,Date,Negative,Neutral,Positive,Text,Tweets Ago
0,@BBC,0.0,Thu Dec 14 14:00:08 +0000 2017,1.0,0.0,0.0,"üéûüéµüé® Gospel singer and civil rights activist @MavisStaples reveals her current picks for theatre, music and film. üëâ‚Ä¶ https://t.co/fNllKUJwMW",1
1,@BBC,0.0,Thu Dec 14 13:30:06 +0000 2017,1.0,0.0,0.0,"üéÑ @LiamPayne, @ddlovato &amp; @Camila_Cabello will all present Christmas Day shows on @BBCR1. üëâ https://t.co/1k9h7hNZ3r‚Ä¶ https://t.co/FAVRZRPkX1",2
2,@BBC,0.1027,Thu Dec 14 13:03:04 +0000 2017,0.935,0.0,0.065,"‚ùÑÔ∏è‚õÑÔ∏è How cold can it get at work before you can legally go home? https://t.co/RCSDvZZRxg

We were all thinking it... https://t.co/9DWTOhCFL0",3
3,@BBC,0.0,Thu Dec 14 12:46:06 +0000 2017,1.0,0.0,0.0,RT @BBCNewsround: What do the @UKRobotWars house bots do on their day off? Shovel snow of course! ‚ùÑ https://t.co/krB7oQIEBR https://t.co/0l‚Ä¶,4
4,@BBC,0.4215,Thu Dec 14 12:45:09 +0000 2017,0.859,0.0,0.141,"RT @BBC6Music: What was your favourite album of 2017? 

Here's Jodie Whittaker (@bbcdoctorwho / @BroadchurchTV) sharing her favourite. #201‚Ä¶",5
5,@BBC,-0.5719,Thu Dec 14 12:30:04 +0000 2017,0.749,0.251,0.0,"The awkward moment when Graham gets the wrong Gallagher brother. üò¨

The Graham Norton Show | @BBCOne https://t.co/B7PGlaPmXw",6
6,@BBC,0.0,Thu Dec 14 12:27:47 +0000 2017,1.0,0.0,0.0,"RT @BBCNews: 53 adults, 18 children üíö
#GrenfellTower

https://t.co/0lM54Cvw07 https://t.co/vJAhXktYRe",7
7,@BBC,0.6124,Thu Dec 14 12:25:25 +0000 2017,0.765,0.0,0.235,"RT @BBCR1: üé∂ We're dreaming of a @LondonGrammar Christmas album üé∂

How heavenly is this? üéÑüí´ https://t.co/Xh7aHEXCWt",8
8,@BBC,0.7444,Thu Dec 14 12:12:46 +0000 2017,0.762,0.0,0.238,"RT @BBCR1: üéº üéªüé∂‚ú®

@LondonGrammar + a string quintet is SO heavenly!

Stay tuned for their Christmas Live Lounge cover... https://t.co/a2yVo‚Ä¶",9
9,@BBC,0.7506,Thu Dec 14 12:01:41 +0000 2017,0.748,0.0,0.252,RT @bbcpress: Special event staged at London Palladium in honour of Sir Bruce Forsyth will be aired on @BBCOne: https://t.co/JTbcFk2PXj htt‚Ä¶,10
10,@BBC,0.0,Thu Dec 14 12:00:08 +0000 2017,1.0,0.0,0.0,"He proposed to his wife naked in a vegetable garden... üò≥üçÜüíç

10 Things we learned about @KelseyGrammer from his‚Ä¶ https://t.co/novuBDLLSE",11
11,@BBC,0.3182,Thu Dec 14 11:00:09 +0000 2017,0.892,0.0,0.108,"Did you know that the ability for adults to digest milk is a relatively recent genetic mutation?
Here are 3 quirky‚Ä¶ https://t.co/q4ivJ3J8Lr",12
12,@BBC,-0.1511,Thu Dec 14 10:00:15 +0000 2017,0.819,0.103,0.078,"The mercury plummeted over the weekend in Scotland, reaching as low as -11.3 degrees at Dalwhinnie!
Here are your p‚Ä¶ https://t.co/nHWTU8tAPa",13
13,@BBC,0.0,Thu Dec 14 09:00:06 +0000 2017,1.0,0.0,0.0,How a vertical village can bring a community together. üå±‚ù§Ô∏èÔ∏è https://t.co/SZvVg2U7EX https://t.co/bwazhnIJxv,14
14,@BBC,0.0,Thu Dec 14 08:40:04 +0000 2017,1.0,0.0,0.0,"'I'm not an eco-warrior, I'm just a normal mum.' 
Chrissy is trying to reduce the amount of plastic her family thro‚Ä¶ https://t.co/Cb83chprZk",15
15,@BBC,0.4404,Thu Dec 14 08:20:03 +0000 2017,0.884,0.0,0.116,"The extent with which we use our unconscious mind is enormous ‚Äì and the more we use it, the better we perform many‚Ä¶ https://t.co/HYw72pkMD4",16
16,@BBC,0.4939,Thu Dec 14 08:00:01 +0000 2017,0.814,0.0,0.186,"'As long as I get the strength to do it, I'll carry on.' üíï
Via @BBCStories. https://t.co/K3NBJzFyID",17
17,@BBC,0.0,Thu Dec 14 07:38:04 +0000 2017,1.0,0.0,0.0,"In a quiet corner of northern Europe exists a geopolitical anomaly, where many buildings have an international bord‚Ä¶ https://t.co/U0BoEVqWwY",18
18,@BBC,0.0,Wed Dec 13 20:00:10 +0000 2017,1.0,0.0,0.0,London's Euston station will be turned into a shelter for the homeless on Christmas Day. ‚ù§Ô∏èÔ∏èüéÅ‚Ä¶ https://t.co/Y834ULzLu5,19
19,@BBC,0.3384,Wed Dec 13 19:31:04 +0000 2017,0.854,0.0,0.146,üêò Why you must never pee in front of elephants... and more surprising facts. üëâ https://t.co/Bz8ncFjAfa https://t.co/o2vs4NJDK0,20
20,@BBC,0.2263,Wed Dec 13 19:00:02 +0000 2017,0.917,0.0,0.083,"It‚Äôs spicy, it's tangy &amp; it'll warm you right up. üç≤üòã
Get the full recipe for @Rick_Stein's Sopa Azteca here. üëâ‚Ä¶ https://t.co/jLcGMawMgO",21
21,@BBC,-0.4215,Wed Dec 13 18:32:04 +0000 2017,0.811,0.189,0.0,Princess Margaret broke all the royal rules long before Prince Harry. üëë https://t.co/RffK1BgQG0 https://t.co/TMnsg71XDB,22
22,@BBC,0.128,Wed Dec 13 18:00:12 +0000 2017,0.919,0.0,0.081,"C√≤sagach: A feeling of being snug, sheltered or cosy. ü§ó
Scotland could offer visitors a rival to the Danish concept‚Ä¶ https://t.co/XlVpqlvaTV",23
23,@BBC,0.0,Wed Dec 13 17:30:01 +0000 2017,1.0,0.0,0.0,"Dwayne Johnson, president, 2020?

The Graham Norton Show | @BBCOne https://t.co/TfDdY43IER",24
24,@BBC,0.8658,Wed Dec 13 17:23:02 +0000 2017,0.65,0.0,0.35,"RT @bbcgenome: #OTD 2006, @StephenMerchant won a British Comedy Award for his role in Extras. Here he is pictured alongside @rickygervais a‚Ä¶",25
25,@BBC,0.0,Wed Dec 13 17:00:14 +0000 2017,1.0,0.0,0.0,"'Tartes of flesh' used to include pork, hard-boiled eggs, cheese, spices, saffron, &amp; sugar in the 1300s. üò¨

This is‚Ä¶ https://t.co/39MHfYnQ6Y",26
26,@BBC,0.2023,Wed Dec 13 15:49:03 +0000 2017,0.87,0.0,0.13,'Meghan Markle' and 'fidget spinners' top UK Google search for 2017. https://t.co/hYKDDFVfPL https://t.co/YCbpX1K8yC,27
27,@BBC,0.6249,Wed Dec 13 15:39:29 +0000 2017,0.819,0.0,0.181,RT @BBCNewsEnts: Peter Kay fans will be pleased to hear his final 2 Car Share episodes have already been filmed and will be screened next y‚Ä¶,28
28,@BBC,0.7506,Wed Dec 13 15:12:05 +0000 2017,0.738,0.0,0.262,"Whether you're filling hampers or catering for a party, we've got all the biscuit recipes you need for a perfect Ch‚Ä¶ https://t.co/9csfsG53Le",29
29,@BBC,-0.25,Wed Dec 13 14:37:03 +0000 2017,0.882,0.118,0.0,This guy made a candy cane pizza and we might need to cancel Christmas. üíàüôÖ https://t.co/6DGfL53C2O https://t.co/W0pvpj4V4d,30
30,@BBC,0.5255,Wed Dec 13 14:03:03 +0000 2017,0.804,0.0,0.196,"When cold air meets warm air, ice crystals form six-sided shapes around a speck of dust, creating a snowflake! ‚ùÑÔ∏è
W‚Ä¶ https://t.co/NAgUr0xHZq",31
31,@BBC,0.6597,Wed Dec 13 13:30:05 +0000 2017,0.779,0.0,0.221,"Being friends with George Clooney is probably cool enough...
Now it's been revealed he's given $1 million to each o‚Ä¶ https://t.co/AK3GUd8UXq",32
32,@BBC,0.0,Wed Dec 13 13:14:21 +0000 2017,1.0,0.0,0.0,RT @bbcthree: PLOT TWIST. #TheApprentice https://t.co/eIpXZy7Jm2,33
33,@BBC,0.6114,Wed Dec 13 13:11:33 +0000 2017,0.75,0.0,0.25,RT @bbccomedy: French and Saunders celebrate 300 years in showbiz! üôå @FerriFrump @Dawn_French https://t.co/X8WgKukZ8W,34
34,@BBC,0.7901,Wed Dec 13 13:00:02 +0000 2017,0.731,0.0,0.269,"'It was brilliant to sweep in to a room and say, ""hokey-cokey pig in a pokey, good morning job seekers!""'

Who's ex‚Ä¶ https://t.co/Ejnm3jvDOP",35
35,@BBC,0.0,Wed Dec 13 12:30:02 +0000 2017,1.0,0.0,0.0,"This woman is showing people how to turn their food pics into #FoodPorn. üç©ü§§
Via BBC Minute. https://t.co/sScwTTcPuB",36
36,@BBC,0.0,Wed Dec 13 12:27:30 +0000 2017,1.0,0.0,0.0,"RT @BBCR1: ‚ö°Ô∏è @SamSmithWorld got everyone in their feelings with his Christmas cover üò≠üéÑ

https://t.co/Y1B16frQ4p",37
37,@BBC,0.8777,Wed Dec 13 12:21:18 +0000 2017,0.581,0.0,0.419,"RT @BBCR1: How stunning is this? 

@SamSmithWorld covering Have Yourself A Merry Little Christmas is totally perfect. üí´ https://t.co/7rJdEM‚Ä¶",38
38,@BBC,0.9455,Wed Dec 13 12:09:04 +0000 2017,0.567,0.0,0.433,"RT @BBCR1: THAT VOICE üòç

So good to have @SamSmithWorld back in the Live Lounge. One Last Song sounds SO beautiful (and pretty festive, no?‚Ä¶",39
39,@BBC,0.0,Wed Dec 13 12:00:08 +0000 2017,1.0,0.0,0.0,Late Junction has spent the year traversing the outer edges of musical experimentation to find the most interesting‚Ä¶ https://t.co/D9YD5pVIDU,40
40,@BBC,0.0,Wed Dec 13 11:52:55 +0000 2017,1.0,0.0,0.0,"RT @bbcmusic: üòé @Harry_Styles stepped in to host @JKCorden's TV show last night (with 2.5 hours notice!)
üëâ https://t.co/KMPl2POLrC https://‚Ä¶",41
41,@BBC,-0.3182,Wed Dec 13 11:42:41 +0000 2017,0.913,0.087,0.0,"RT @BBCTwo: In 2012, Daniel lost both his legs after being run over by a police vehicle.

Since then, he's applied for over 800 jobs... but‚Ä¶",42
42,@BBC,0.5719,Wed Dec 13 10:39:21 +0000 2017,0.802,0.0,0.198,"French and Saunders celebrate 300 years in showbiz. üôå

Full interview üëâ https://t.co/rompNHRjh8

300 Years of Frenc‚Ä¶ https://t.co/kzA69viRu4",43
43,@BBC,-0.296,Wed Dec 13 10:18:11 +0000 2017,0.879,0.121,0.0,"'Rousing.' 'Thrilling.' 'Addictively bold.'
Just a few of the superlatives critics are using to describe the latest‚Ä¶ https://t.co/nIKR8Odx8e",44
44,@BBC,-0.6486,Wed Dec 13 09:00:05 +0000 2017,0.823,0.177,0.0,"Coronary heart disease is the biggest killer in the UK, causing almost 74,000 deaths each year. 
üí™‚ù§Ô∏èÔ∏è  Here are 10‚Ä¶ https://t.co/7zMRqir8VH",45
45,@BBC,0.5267,Wed Dec 13 08:40:01 +0000 2017,0.476,0.161,0.363,"Steph's a cheerleading world champion. She's also blind. ‚úä‚ù§Ô∏èÔ∏è
Via @BBCStories. https://t.co/CktGzvfE1P",46
46,@BBC,0.9118,Wed Dec 13 08:20:03 +0000 2017,0.58,0.0,0.42,There's great pleasure in realising that total unknowns can be as brilliant as your favourite recording artists. üéπüé∂‚Ä¶ https://t.co/ohcGDgymVJ,47
47,@BBC,0.0,Wed Dec 13 08:00:04 +0000 2017,1.0,0.0,0.0,The 'Godfather of Coral' has identified more than 20% of the world's coral species &amp; transformed our understanding‚Ä¶ https://t.co/tRtikV4SbW,48
48,@BBC,-0.4137,Wed Dec 13 07:38:04 +0000 2017,0.731,0.194,0.075,"Feelings of stress and anxiety disorders are extremely common. Remember, you're not alone in this and you don't hav‚Ä¶ https://t.co/Zw8sl2UxTU",49
49,@BBC,-0.5719,Tue Dec 12 20:30:05 +0000 2017,0.558,0.3,0.142,'I‚Äôm talking about my rape to encourage other male victims to do the same.' https://t.co/KJuXHNo0oC https://t.co/KeO7ujanSr,50
50,@BBC,0.0,Tue Dec 12 20:00:09 +0000 2017,1.0,0.0,0.0,"Overfishing and changing sea temperatures are pushing seabirds to the brink of extinction, according to new data. ü¶Ö‚Ä¶ https://t.co/Gm4wOSz6TB",51
51,@BBC,0.0,Tue Dec 12 19:30:05 +0000 2017,1.0,0.0,0.0,"'The Spice Girls only had one black member and she was called Scary!' üòÇ
#LiveAtTheApollo via @BBCTwo. https://t.co/ttkiAvosb6",52
52,@BBC,-0.0062,Tue Dec 12 19:19:59 +0000 2017,0.775,0.113,0.112,"RT @bbccomedy: When the help's so helpful, but you just can't stand her helping. #FirstWorldProblems #Motherland @MissDianeMorgan https://t‚Ä¶",53
53,@BBC,0.4939,Tue Dec 12 19:19:47 +0000 2017,0.878,0.0,0.122,"RT @bbcstories: ‚ÄúI‚Äôm being led by the hand by my child, not the other way around.‚Äù - Richard's son Jaco has autism, and their relationship‚Ä¶",54
54,@BBC,0.541,Tue Dec 12 19:19:14 +0000 2017,0.83,0.0,0.17,"RT @BBCOne: ‚ÄúIt‚Äôs gold.‚Äù #TheAWord cast explain what is so special about the show. 

Tonight. 9pm. @BBCOne. https://t.co/hP8zufMx79",55
55,@BBC,0.3182,Tue Dec 12 19:19:06 +0000 2017,0.909,0.0,0.091,RT @TWBBC: If you're in Glasgow Wednesday night expand your mind with the Tomorrow's World Live show at the Science Centre - all about brai‚Ä¶,56
56,@BBC,0.0,Tue Dec 12 19:18:57 +0000 2017,1.0,0.0,0.0,"RT @BBCScotland: ""IT'S THE KETTLE!"" üòÇ

#ScotSquad 
@Gradowrestling // @Mani2thaJ https://t.co/hc1bob5blR",57
57,@BBC,0.0,Tue Dec 12 19:18:27 +0000 2017,1.0,0.0,0.0,RT @BBCWomansHour: Neuroscientist @sophiescott explains how we can tell what people are REALLY thinking üëáüé• (by reading their microexpressio‚Ä¶,58
58,@BBC,0.0,Tue Dec 12 19:17:56 +0000 2017,1.0,0.0,0.0,RT @BBC6Music: ‚úÇÔ∏è ‚úÇÔ∏è Scissors at the ready... Make your own @NoelGallagher Christmas decoration to put on your high-flying sleigh ahead of‚Ä¶,59
59,@BBC,0.6369,Tue Dec 12 19:16:42 +0000 2017,0.741,0.0,0.259,"RT @BBCSpringwatch: 10 glorious photos of British wildlife in the snow
https://t.co/Ap7kaHaozX https://t.co/hEeEvk6hSN",60
60,@BBC,0.0,Tue Dec 12 19:00:03 +0000 2017,1.0,0.0,0.0,"In the 3rd episode of @TWBBC Live, we explore how today‚Äôs scientific research &amp; technology is changing how we care‚Ä¶ https://t.co/4zopZ7DvfC",61
61,@BBC,0.0,Tue Dec 12 18:30:05 +0000 2017,1.0,0.0,0.0,"Will we get a white Christmas? üå®üéÑ
We actually get snow on Christmas Day more often than you might think - but it de‚Ä¶ https://t.co/6Yyu2Uuux0",62
62,@BBC,0.6369,Tue Dec 12 18:00:07 +0000 2017,0.781,0.0,0.219,"üéÖüéÑ Some of the best Christmas world records: Instadogs, Susan Boyle and surfing Santas. https://t.co/MKT10qhvmL https://t.co/PdthEWx1ew",63
63,@BBC,0.0,Tue Dec 12 17:30:05 +0000 2017,1.0,0.0,0.0,"Vinny Singh breaks down the questions that a Sikh gets asked. 
Via @BBCTheSocial. https://t.co/TzDifjETu6",64
64,@BBC,0.743,Tue Dec 12 16:58:17 +0000 2017,0.69,0.0,0.31,National treasures @Dawn_French &amp; Jennifer Saunders (@ferrifrump) are back together this festive season with a spec‚Ä¶ https://t.co/7zRCfpqGN7,65
65,@BBC,0.5994,Tue Dec 12 16:30:01 +0000 2017,0.738,0.0,0.262,üòçüì∏ Your pictures of beautiful Scotland from last week. Via @BBCScotland. https://t.co/oCDu9gmx6j,66
66,@BBC,-0.1779,Tue Dec 12 16:07:17 +0000 2017,0.723,0.153,0.123,"RT @bbc5live: ""Tom gave the ultimate gift"" 

Lisa donated her son's organs after he died two years ago. https://t.co/DfvkAgRnoF",67
67,@BBC,0.8176,Tue Dec 12 15:34:04 +0000 2017,0.585,0.0,0.415,The eight party season commandments that'll help you survive all the festivities. üò´üéÑ https://t.co/2syg9lMOae https://t.co/44WFAPi0HB,68
68,@BBC,0.6597,Tue Dec 12 15:05:52 +0000 2017,0.649,0.0,0.351,RT @BBCiPlayer: üéø Planning a ski holiday? @ClaudiaWinkle has a special message for you üòÇ https://t.co/9bgFssqWxj,69
69,@BBC,0.0,Tue Dec 12 15:04:37 +0000 2017,1.0,0.0,0.0,"RT @BBCOne: #TheApprentice. Emoji style.
üòÅüò∞üôÑ‚ò∫Ô∏èüò†üòèü§ó https://t.co/wVHbF7LKIZ",70
70,@BBC,0.4754,Tue Dec 12 15:00:10 +0000 2017,0.86,0.0,0.14,"üêãüêô #BluePlanet2 has become @BBCiPlayer‚Äôs most popular programme of the year so far, with 4.2 million requests for t‚Ä¶ https://t.co/m9bcExK8fz",71
71,@BBC,0.4767,Tue Dec 12 14:30:09 +0000 2017,0.853,0.0,0.147,ü•á @BBCOne has announced a new Saturday night game show to launch in the run up to Sport Relief 2018.‚Ä¶ https://t.co/26UoAkfV8d,72
72,@BBC,0.0,Tue Dec 12 14:00:05 +0000 2017,1.0,0.0,0.0,New research suggests that #ManFlu is a real thing. üò∑ https://t.co/zMM12bFOCy,73
73,@BBC,-0.2263,Tue Dec 12 13:30:04 +0000 2017,0.881,0.119,0.0,"üç™ @Nigella_Lawson's 'forgotten cookies' recipe is one to remember this Christmas. 
Full recipe here üëâ‚Ä¶ https://t.co/Ti9tNmAlsb",74
74,@BBC,0.0,Tue Dec 12 13:00:05 +0000 2017,1.0,0.0,0.0,"üê† In the final episode of #BluePlanet2, David Attenborough explored some of the issues facing life in the oceans.‚Ä¶ https://t.co/LGXeb4XRnH",75
75,@BBC,0.4648,Tue Dec 12 12:50:40 +0000 2017,0.832,0.0,0.168,"RT @BBCR1: ‚ö°Ô∏è @EdSheeran just took on a HUGE Christmas song in the Live Lounge üéÑ‚ú®

https://t.co/Nu8EtGE2Go",76
76,@BBC,0.3201,Tue Dec 12 12:50:26 +0000 2017,0.892,0.0,0.108,"RT @BBCR1: It's a HUGE Christmas song, but they did it! ‚ú®

@EdSheeran, @AnneMarieIAm and @beogamusic totally nailed their cover of Fairytal‚Ä¶",77
77,@BBC,0.0,Tue Dec 12 12:30:01 +0000 2017,1.0,0.0,0.0,"#TheLeagueofGentlemen
Coming 18, 19 &amp; 20 December on @BBCTwo!
Via @BBCComedy. https://t.co/6kxS3Pgdwr",78
78,@BBC,0.0,Tue Dec 12 12:00:09 +0000 2017,1.0,0.0,0.0,üé∏üìÑü•Å 6 dramatic ways pop stars tried to get out of their record contract. https://t.co/OR4LXmoqPa https://t.co/tzXmCm7qbu,79
79,@BBC,0.4503,Tue Dec 12 10:53:45 +0000 2017,0.886,0.0,0.114,"RT @BBCTwo: How do you stage a nativity in the car park of a Bethlehem hotel? And, more importantly, how do you make it snow? #TheAlternati‚Ä¶",80
80,@BBC,0.5267,Tue Dec 12 10:52:21 +0000 2017,0.88,0.0,0.12,"RT @BBCFOUR: Transit vans, transport cafes, B&amp;Bs and roadies. It's all glamour in the world of rock 'n' roll on the road. Watch now on @BBC‚Ä¶",81
81,@BBC,0.7717,Tue Dec 12 10:46:48 +0000 2017,0.7,0.0,0.3,"RT @BBC6Music: üòé What was your favourite song and album of 2017? 

@BBC6Breakfast are warming up for Thursday‚Äôs 6 Music Recommends Best of‚Ä¶",82
82,@BBC,0.4588,Tue Dec 12 10:46:26 +0000 2017,0.88,0.0,0.12,"RT @bbcmusic: TODAY IS THE DAY üôå
@EdSheeran joins @BBCR1 for a festive Live Lounge today from 12pm
Listen to @ClaraAmfo live from 12pm üëâ ht‚Ä¶",83
83,@BBC,0.0,Tue Dec 12 10:38:16 +0000 2017,1.0,0.0,0.0,@bbcstories Watch the full story on @BBCiPlayer üëâ¬†https://t.co/YJEr8AwTW5,84
84,@BBC,-0.1779,Tue Dec 12 10:33:47 +0000 2017,0.727,0.167,0.105,RT @bbc5live: Former footballer Clarke Carlisle was reported missing by his wife earlier this year and was found safe as he struggled with‚Ä¶,85
85,@BBC,0.4019,Tue Dec 12 09:43:09 +0000 2017,0.838,0.0,0.162,RT @bbcpress: Duke and Duchess of Cambridge awarded a Gold #BluePeter Badge: https://t.co/an7MZsZyHr @KensingtonRoyal @CBBC https://t.co/uF‚Ä¶,86
86,@BBC,0.0,Tue Dec 12 09:00:06 +0000 2017,1.0,0.0,0.0,"Is the sea really blue? üåä
Variation in sea colour, it turns out, is due to both physics and biology.‚Ä¶ https://t.co/QdQWVAJU3A",87
87,@BBC,0.5859,Tue Dec 12 08:40:01 +0000 2017,0.833,0.0,0.167,"The amazing story of one daughter, two families a world apart, and a reunion 20 years in the making. ‚ù§Ô∏è Via‚Ä¶ https://t.co/ERruKhHI4s",88
88,@BBC,0.0,Tue Dec 12 08:37:40 +0000 2017,1.0,0.0,0.0,"RT @bbcpress: Danny Boyle directs Banksy‚Äôs #Alternativity performance for new @BBCTwo film, to be aired on 17 December: https://t.co/Yz6zoj‚Ä¶",89
89,@BBC,0.0,Tue Dec 12 08:37:09 +0000 2017,1.0,0.0,0.0,"RT @bbcstories: ""My background can never be my weakness.""
The daughters of sex workers, these girls grew up in Mumbai's red light district.‚Ä¶",90
90,@BBC,0.0,Tue Dec 12 08:37:01 +0000 2017,1.0,0.0,0.0,RT @BBC_Teach: SciTube is our brand new Primary Science series exploring the work of the world's most famous scientists through 'vlog-style‚Ä¶,91
91,@BBC,0.6697,Tue Dec 12 08:36:40 +0000 2017,0.756,0.0,0.244,"RT @BBCOne: ‚ú® @mermhart, @NiallOfficial, Midnight Gameshow AND the most ambitious Unexpected Star surprise ever - it can only be #MichaelMc‚Ä¶",92
92,@BBC,-0.34,Tue Dec 12 08:36:18 +0000 2017,0.787,0.134,0.079,"RT @AboutTheBBC: We're saddened to hear of the passing of Keith Chegwin who was a presenter on Multi-Coloured Swap Shop, Cheggers Plays Pop‚Ä¶",93
93,@BBC,0.0,Tue Dec 12 08:36:06 +0000 2017,1.0,0.0,0.0,"RT @BBCEarth: ‚ÄúWe need to act now and we need to act together"" üíô
#BluePlanet2 https://t.co/DcORM5aHkD",94
94,@BBC,0.0,Tue Dec 12 08:20:04 +0000 2017,1.0,0.0,0.0,"If Armageddon hit, and only one human couple was left, would they be enough to repopulate the planet? üë´üåç‚Ä¶ https://t.co/wGv3fnkENp",95
95,@BBC,-0.5267,Tue Dec 12 08:00:03 +0000 2017,0.841,0.159,0.0,"The Scottish Crossbill, one of the country's most unique birds, is at threat of extinction. üê¶üíî
Via @BBCScotland. https://t.co/w5UHkB5y6i",96
96,@BBC,0.0,Tue Dec 12 07:38:04 +0000 2017,1.0,0.0,0.0,Frida Kahlo &amp; Diego Rivera painted each other for 25 years. Those works give us an insight into their complex relat‚Ä¶ https://t.co/GqYkKAWccJ,97
97,@BBC,-0.4019,Mon Dec 11 20:00:06 +0000 2017,0.769,0.231,0.0,Seven charts that explain the plastic pollution problem. üìä https://t.co/lunEPtp1f1 https://t.co/T4zi0jF6zO,98
98,@BBC,0.0,Mon Dec 11 19:30:11 +0000 2017,1.0,0.0,0.0,"üéÑüòã @Nigella_Lawson decamps to the countryside for her cosiest Christmas yet, against a backdrop of crackling log fi‚Ä¶ https://t.co/fwrCQbIE3o",99
99,@BBC,0.4939,Mon Dec 11 19:00:03 +0000 2017,0.849,0.0,0.151,üë¥üíïüëµ Care home residents across the UK are decorating their walking frames as part of a project called #PimpMyZimmer‚Ä¶ https://t.co/VDZz3ly5oG,100
100,@CBS,0.0,Wed Dec 13 23:20:01 +0000 2017,1.0,0.0,0.0,"So close, yet so far away. Which #Survivor Castaways Will Earn Their Spot In The Final Five? More:‚Ä¶ https://t.co/efeBVa4p26",1
101,@CBS,0.5093,Wed Dec 13 18:56:58 +0000 2017,0.798,0.0,0.202,RT @BandB_CBS: Take a walk down #BoldandBeautiful memory lane! RT your favorite #Steam moment. https://t.co/kxeD2br8Tc,2
102,@CBS,0.0,Tue Dec 12 20:34:16 +0000 2017,1.0,0.0,0.0,"RT @thegoodfight: Court is back in session. Season 2 of #TheGoodFight premieres March 4, exclusively on CBS All Access: https://t.co/Niu5a8‚Ä¶",3
103,@CBS,0.7644,Tue Dec 12 19:31:42 +0000 2017,0.476,0.0,0.524,‚ùÑÔ∏è Happy holidays from CBS! ‚ùÑÔ∏è  #fullbobble https://t.co/Xef9fKoPTv,4
104,@CBS,0.5562,Tue Dec 12 19:04:59 +0000 2017,0.854,0.0,0.146,Only two weeks until The 40th Annual Kennedy Center Honors air on December 26! Look back on four decades of inspiri‚Ä¶ https://t.co/z4J8sfs55V,5
105,@CBS,0.555,Tue Dec 12 17:13:52 +0000 2017,0.826,0.0,0.174,"Mark your calendars! The 53rd Academy Of Country Music Awards will air Sunday, April 15 on CBS!‚Ä¶ https://t.co/yYPc5rCiMW",6
106,@CBS,0.8832,Mon Dec 11 21:29:33 +0000 2017,0.636,0.0,0.364,The search is on to find the pro football player with the best off-the-field talent! Vote for your favorite perform‚Ä¶ https://t.co/musmVXrRJz,7
107,@CBS,0.4939,Mon Dec 11 19:05:21 +0000 2017,0.703,0.086,0.211,RT @MadamSecretary: No D.C. holiday party is complete without some political persuasion and a covert sting to bust a corrupt senator. üéÑ‚≠êÔ∏è S‚Ä¶,8
108,@CBS,-0.2263,Mon Dec 11 00:26:50 +0000 2017,0.917,0.083,0.0,"Due to NFL overrun, CBS is delayed 8 mins in the following ET &amp; CT markets: Hunstville, AL, Bowling Green, KY, MS,‚Ä¶ https://t.co/gbwhgooEQd",9
109,@CBS,-0.2263,Mon Dec 11 00:25:54 +0000 2017,0.913,0.087,0.0,"Due to NFL overrun CBS is delayed 7 mins in the following ET &amp; CT markets Tampa, Chicago, Maryland, Michigan, Wash‚Ä¶ https://t.co/driVgCiX7D",10
110,@CBS,0.0772,Sun Dec 10 22:49:02 +0000 2017,0.936,0.0,0.064,"RT @NoActivityCBS: If you want the intel, you get the tickles. üòÇ Stream the first 5 episodes of #NoActivity now: https://t.co/Wzq9bVOhGN ht‚Ä¶",11
111,@CBS,0.0,Sun Dec 10 22:48:46 +0000 2017,1.0,0.0,0.0,RT @startrekcbs: .@albinokid and @wcruz73 are breaking new ground in #StarTrekDiscovery. üè≥Ô∏è‚Äçüåà Stream chapter 1 on CBS All Access: https://t‚Ä¶,12
112,@CBS,0.5754,Sat Dec 09 18:24:37 +0000 2017,0.742,0.07,0.189,Don‚Äôt miss America‚Äôs Game! Stream the Army-Navy game LIVE today at 3PM ET with a FREE trial of #CBSAllAccess:‚Ä¶ https://t.co/38udnQj2vs,13
113,@CBS,0.6476,Sat Dec 09 01:11:51 +0000 2017,0.791,0.0,0.209,"There's still time before we have to say so long! Catch up with Carol Burnett, her original castmates and special g‚Ä¶ https://t.co/WTiK8dzaXO",14
114,@CBS,0.8126,Fri Dec 08 23:35:41 +0000 2017,0.697,0.0,0.303,RT @bigbangtheory: It's the biggest best friend breakup of the year... üò± Stream the latest full episode of #BigBangTheory: https://t.co/iIw‚Ä¶,15
115,@CBS,0.7777,Thu Dec 07 18:23:03 +0000 2017,0.746,0.0,0.254,"RT @AmazingRaceCBS: Presenting... the 30th cast of the #AmazingRace! Made up of champions and winners, this is quite literally the most com‚Ä¶",16
116,@CBS,0.5423,Thu Dec 07 12:07:06 +0000 2017,0.863,0.0,0.137,Do you know all the nominees for Song Of The Year? Get familiar with this year's GRAMMY¬Æ Award nominees ahead of Mu‚Ä¶ https://t.co/I6hhOtfQjb,17
117,@CBS,0.3182,Wed Dec 06 17:32:28 +0000 2017,0.874,0.0,0.126,"A new Twilight Zone original series is coming exclusively to CBS All Access in association with @JordanPeele,‚Ä¶ https://t.co/fVYnhUASee",18
118,@CBS,0.1511,Tue Dec 05 19:21:31 +0000 2017,0.91,0.0,0.09,RT @SuperiorDonuts: You'll want to check this box! ‚òëÔ∏é Stream the latest episode of #SuperiorDonuts: https://t.co/h1xhKLCAPl https://t.co/d8‚Ä¶,19
119,@CBS,0.4199,Tue Dec 05 19:14:00 +0000 2017,0.883,0.0,0.117,RT @YoungSheldon: Wondering what it's like behind the scenes of #YoungSheldon? Let star @OfficialRaeganR take you on a tour of the set! htt‚Ä¶,20
120,@CBS,0.5106,Tue Dec 05 00:54:16 +0000 2017,0.837,0.0,0.163,The Kennedy Center Honors recognizes the lifetime contributions of all types of performance artists. Watch the 40th‚Ä¶ https://t.co/azF3rW2ptw,21
121,@CBS,0.0,Tue Dec 05 00:03:06 +0000 2017,1.0,0.0,0.0,RT @YoungSheldon: There's something @elonmusk never told you about @spacex's Falcon 9. üìì  #YoungSheldon https://t.co/bu3W0IC8zN,22
122,@CBS,0.3612,Mon Dec 04 20:52:31 +0000 2017,0.894,0.0,0.106,"Just like old times, Carol Burnett bumps up the lights and answers questions from the audience. Catch up on The Car‚Ä¶ https://t.co/9r7WI8d1tZ",23
123,@CBS,0.9217,Mon Dec 04 19:22:07 +0000 2017,0.496,0.0,0.504,Star comedian @JimCarrey gets emotional when he expresses his heartfelt thanks to Carol Burnett for her positive in‚Ä¶ https://t.co/5QCejBcg5T,24
124,@CBS,0.5213,Mon Dec 04 07:14:06 +0000 2017,0.813,0.0,0.187,Take a trip down memory lane with Carol Burnett for a special tribute you'll never forget. Catch up on The Carol Bu‚Ä¶ https://t.co/XBINDav614,25
125,@CBS,-0.5655,Mon Dec 04 03:02:00 +0000 2017,0.823,0.177,0.0,"RT @JLawlorNY: So, ok...maybe I'm crying at at the #CarolBurnett50 finale with everyone singing her theme song! #ImSoGladWeHadThisTimeToget‚Ä¶",26
126,@CBS,0.9466,Mon Dec 04 03:01:09 +0000 2017,0.328,0.0,0.672,RT @junerenee: A true classic and favorite!! Love #CarolBurnett50 laughed and cried...just like before!,27
127,@CBS,0.5994,Mon Dec 04 02:51:35 +0000 2017,0.719,0.0,0.281,RT if you‚Äôve loved reliving these classic moments during #CarolBurnett50 https://t.co/I1tIWeSlsQ,28
128,@CBS,0.7906,Mon Dec 04 02:49:27 +0000 2017,0.731,0.0,0.269,RT @Mom101: I can't tell you the joy of seeing my 10yo laughing at this. Especially the Tim Conway dentist sketch.  #CarolBurnett50,29
129,@CBS,0.8689,Mon Dec 04 02:47:39 +0000 2017,0.671,0.0,0.329,"RT @AdeleAndMike: Thank You for bringing back such wonderful memories, the entire family would gather to watch, and we would then laugh abo‚Ä¶",30
130,@CBS,0.8016,Mon Dec 04 02:43:14 +0000 2017,0.736,0.0,0.264,RT @tessab13: The Siamese Elephants skit on the Carol Burnett show is such a classic and possibly my favorite. Loved Tim Conway! #CarolBurn‚Ä¶,31
131,@CBS,0.5719,Mon Dec 04 02:26:30 +0000 2017,0.844,0.0,0.156,RT @inezpanebianco: @OfficialBPeters and Carol Burnett reminiscing back on the carol burnett show is my idea of a perfect night ‚ù§Ô∏è #CarolBu‚Ä¶,32
132,@CBS,0.0,Mon Dec 04 02:22:42 +0000 2017,1.0,0.0,0.0,"What a performance by @OfficialBPeters, @KChenoweth, Carol Burnett, Steve Lawrence, and @StephenAtHome!‚Ä¶ https://t.co/DqewQ6ASQp",33
133,@CBS,0.25,Mon Dec 04 02:12:59 +0000 2017,0.867,0.0,0.133,RT @jonjeffryes: Bob Mackie created 65 costumes a week for The Carol Burnett Show #CarolBurnett50,34
134,@CBS,0.0,Mon Dec 04 01:56:26 +0000 2017,1.0,0.0,0.0,RT @bmayberry92: Steve Carell with that video submission though! üòÇ #carolburnett50,35
135,@CBS,0.0,Mon Dec 04 01:55:44 +0000 2017,1.0,0.0,0.0,She‚Äôs still got it! #CarolBurnett50 https://t.co/zTxZc5zrqP,36
136,@CBS,0.8591,Mon Dec 04 01:43:24 +0000 2017,0.513,0.0,0.487,RT @BobMackie: Our friend Tim Conway never failed to make us laugh #CarolBurnett50,37
137,@CBS,-0.2263,Mon Dec 04 01:33:37 +0000 2017,0.924,0.076,0.0,RT @bpeters99: #CarolBurnett50  Am I the Only one with tears in my eyes while I give a standing ovation from my couch? One of the most bril‚Ä¶,38
138,@CBS,0.5574,Mon Dec 04 01:24:51 +0000 2017,0.806,0.0,0.194,RT @SuperJen1117: This show is awesome...Some of the funniest women together on one stage üôåüèº‚ù§Ô∏è #CarolBurnett50,39
139,@CBS,0.3612,Mon Dec 04 01:13:30 +0000 2017,0.762,0.0,0.238,These two are just like sisters ‚ù§Ô∏è #CarolBurnett50 https://t.co/EPpyf2kOuV,40
140,@CBS,0.4588,Mon Dec 04 01:11:57 +0000 2017,0.864,0.0,0.136,RT @chattie: Watching #carolburnett50  can‚Äôt quit smiling. Brings me memories of watching on Saturday nights with my mom and grandma.,41
141,@CBS,0.807,Mon Dec 04 01:05:31 +0000 2017,0.644,0.0,0.356,RT @DanRocks98: Settling in for the #CarolBurnett50 special. This lady is comedy gold! A true staple of my childhood.,42
142,@CBS,0.4574,Mon Dec 04 01:00:09 +0000 2017,0.87,0.0,0.13,She‚Äôs back! Tune in now to see The Carol Burnett 50th Anniversary Special on CBS and CBS All Access. #CarolBurnett50 https://t.co/HhvRmT5AR0,43
143,@CBS,-0.2263,Mon Dec 04 00:25:16 +0000 2017,0.905,0.095,0.0,"Due to #NFL football overrun #CBS is delayed 11 min in: 
Atlanta 
Baltimore 
Columbus
Cleveland 
Toledo
Detroit
Fli‚Ä¶ https://t.co/oCkn11yJOR",44
144,@CBS,0.8271,Sun Dec 03 20:00:02 +0000 2017,0.648,0.0,0.352,Relive the laughter and the magic in this star-studded tribute to everyone's favorite classic comedy show. Don't mi‚Ä¶ https://t.co/WV6jxBnRAt,45
145,@CBS,0.7783,Sun Dec 03 18:44:14 +0000 2017,0.714,0.0,0.286,"Tonight, spend an evening together with Carol Burnett and celebrity friends as they celebrate The Carol Burnett 50t‚Ä¶ https://t.co/uH2uM9cJFS",46
146,@CBS,0.8658,Sun Dec 03 17:32:01 +0000 2017,0.614,0.0,0.386,Carol Burnett credits the close-knit cast for the success of her show. Join her and original cast members Vicki Law‚Ä¶ https://t.co/1rlNPUS5EJ,47
147,@CBS,0.8516,Sun Dec 03 13:00:04 +0000 2017,0.647,0.0,0.353,Carol Burnett and friends reflect on how the show became an instant classic that's still celebrated today! Join the‚Ä¶ https://t.co/lZgVz9XSyM,48
148,@CBS,0.7897,Sun Dec 03 12:00:01 +0000 2017,0.72,0.0,0.28,"Tonight, celebrate with Carol Burnett, Vicki Lawrence, Lyle Waggoner &amp; more special guests! Find out how to watch T‚Ä¶ https://t.co/Rhm6RJ34u2",49
149,@CBS,0.6166,Sat Dec 02 15:55:39 +0000 2017,0.825,0.0,0.175,Stream Indiana at Michigan LIVE today at 12:30PM ET with a 1-month FREE trial of #CBSAllAccess. Just use promo code‚Ä¶ https://t.co/xRem3zSyEQ,50
150,@CBS,0.1867,Sat Dec 02 14:30:03 +0000 2017,0.902,0.0,0.098,Kristin Chenoweth (@KChenoweth) explains why audiences still crave Carol Burnett! Don't miss The Carol Burnett 50th‚Ä¶ https://t.co/kM92NTtTfs,51
151,@CBS,0.6996,Sat Dec 02 13:00:07 +0000 2017,0.821,0.0,0.179,"Catch up on this amazing lineup of music specials! Here's how to watch Bruno Mars: 24K Magic Live at the Apollo, Th‚Ä¶ https://t.co/Jit2CzZJCY",52
152,@CBS,-0.3595,Sat Dec 02 12:00:03 +0000 2017,0.872,0.128,0.0,Missed Bruno Mars: 24K Magic Live at the Apollo? Keep up! Watch the full show: https://t.co/itXpGB5gRm #BrunoMars https://t.co/8yyQlC1LML,53
153,@CBS,0.3612,Fri Dec 01 22:43:05 +0000 2017,0.884,0.0,0.116,Reminisce with these classic photos and get ready to relive the magic when The Carol Burnett 50th Anniversary Speci‚Ä¶ https://t.co/yJQEzCjoSA,54
154,@CBS,0.4199,Fri Dec 01 22:15:28 +0000 2017,0.866,0.0,0.134,"RT @LivinBiblically: In the beginning, there was Chip. And lo! Chip had a revelation. #LivingBiblically is a new comedy premiering Monday,‚Ä¶",55
155,@CBS,0.7707,Fri Dec 01 21:00:12 +0000 2017,0.718,0.0,0.282,"Discover these pro football stars' off-the-field talents in MVP: Most Valuable Performer, airing Jan 25 on CBS! Fin‚Ä¶ https://t.co/g8jSRW8mQf",56
156,@CBS,0.0,Fri Dec 01 20:17:18 +0000 2017,1.0,0.0,0.0,"Find out when #BigBrother celebrity edition, #AmazingRace, #Survivor, new drama @instinctcbs and new comedy‚Ä¶ https://t.co/4Psl74zcCB",57
157,@CBS,0.8221,Fri Dec 01 19:32:18 +0000 2017,0.691,0.0,0.309,Actress @BethBehrs explains why Carol Burnett is her hero! Celebrate her lasting influence with The Carol Burnett 5‚Ä¶ https://t.co/Lnt5P9jEu0,58
158,@CBS,0.0,Fri Dec 01 18:40:34 +0000 2017,1.0,0.0,0.0,"RT @instinctcbs: New drama #Instinct, starring @Alancumming, premieres Sunday, March 11 on @CBS! https://t.co/aaL0JXpqav",59
159,@CBS,0.0,Fri Dec 01 18:16:37 +0000 2017,1.0,0.0,0.0,"RT @AmazingRaceCBS: On your marks... #AmazingRace returns Wednesday, January 3! https://t.co/XMSJSUymUZ",60
160,@CBS,0.0,Fri Dec 01 18:10:11 +0000 2017,1.0,0.0,0.0,RT @CBSBigBrother: Mark. Your. Calendars. The celebrity edition of #BigBrother premieres February 7! https://t.co/nP3Do6jTwM,61
161,@CBS,0.6893,Fri Dec 01 14:00:04 +0000 2017,0.749,0.0,0.251,The Angels await you... catch up on the world's most celebrated fashion show now! Watch the full 2017‚Ä¶ https://t.co/xfYDbEzpfX,62
162,@CBS,0.1901,Fri Dec 01 12:00:03 +0000 2017,0.907,0.0,0.093,"Comedy stars Amy Poehler, Bill Hader, @MayaRudolph &amp; @TraceeEllisRoss give the legendary Tarzan yell a try- but no‚Ä¶ https://t.co/lrrHE2f9Nv",63
163,@CBS,0.296,Fri Dec 01 01:31:30 +0000 2017,0.872,0.0,0.128,Action-adventure series 'Blood &amp; Treasure' has been picked up for broadcast in Summer 2019: https://t.co/gAjqbF5bYh https://t.co/3cTBH9AKFI,64
164,@CBS,0.0,Thu Nov 30 21:10:19 +0000 2017,1.0,0.0,0.0,Carol Burnett visited @TheTalkCBS to discuss how she got her start in show business! Watch The Carol Burnett 50th A‚Ä¶ https://t.co/EyqmFWZHEC,65
165,@CBS,0.6115,Thu Nov 30 20:54:39 +0000 2017,0.773,0.0,0.227,"The world's most beloved fairy tales are reimagined as a dark &amp; twisted psychological thriller in ""Tell Me A Story,‚Ä¶ https://t.co/CytIswrRj1",66
166,@CBS,0.0,Thu Nov 30 17:40:02 +0000 2017,1.0,0.0,0.0,RT @RansomCBS: #Ransom star @luke_j_roberts on set in Budapest for Season 2! https://t.co/rgC5ylqSMp,67
167,@CBS,0.6808,Thu Nov 30 17:30:05 +0000 2017,0.752,0.0,0.248,Comic @JayLeno reflects on the major impression Carol Burnett left on him. Celebrate The Carol Burnett 50th Anniver‚Ä¶ https://t.co/PIakndHJt1,68
168,@CBS,0.3612,Thu Nov 30 15:00:05 +0000 2017,0.865,0.0,0.135,"Watch #BrunoMars perform ""That's What I Like"" in Bruno Mars: 24K Magic Live at the Apollo: https://t.co/hAFcB9HpE3 https://t.co/I7ZWHdDYCP",69
169,@CBS,0.0,Thu Nov 30 12:00:03 +0000 2017,1.0,0.0,0.0,"Watch #BrunoMars perform ""24K Magic"" in Bruno Mars: 24K Magic Live at the Apollo: https://t.co/UgD4fC5cS6 https://t.co/iTGKJSbjwY",70
170,@CBS,-0.3595,Thu Nov 30 07:52:09 +0000 2017,0.872,0.128,0.0,Missed Bruno Mars: 24K Magic Live at the Apollo Theater? Keep up! Watch the full show: https://t.co/itXpGB5gRm‚Ä¶ https://t.co/nkRMIUd2Df,71
171,@CBS,0.6239,Thu Nov 30 04:09:55 +0000 2017,0.55,0.0,0.45,RT @CWatkinsTV: That. Was. Amazing! #BrunoMars,72
172,@CBS,0.0,Thu Nov 30 04:00:27 +0000 2017,1.0,0.0,0.0,The stage is üî•üî• #BrunoMars https://t.co/nykrDH46Bs,73
173,@CBS,0.5542,Thu Nov 30 03:59:09 +0000 2017,0.796,0.0,0.204,RT @anitakearney65: I could watch this all night #Brunomars #BrunosTvSpecial so much fun to watch OMG,74
174,@CBS,0.0,Thu Nov 30 03:55:37 +0000 2017,1.0,0.0,0.0,Everybody put your hands up! #BrunoMars https://t.co/jU7NyttAqv,75
175,@CBS,0.0,Thu Nov 30 03:51:38 +0000 2017,1.0,0.0,0.0,RT @Sara_nurse: My 2yr old niece heard @BrunoMars and is now up singing and dancing #BrunosTVSpecial #BrunoMars,76
176,@CBS,0.0,Thu Nov 30 03:44:54 +0000 2017,1.0,0.0,0.0,"RT @AllieNY86: His voice is mesmerizing 
#BrunoMars",77
177,@CBS,0.7482,Thu Nov 30 03:37:13 +0000 2017,0.566,0.0,0.434,RT @BrunoMars: We love you MARY!!!! ‚ù§Ô∏è #BrunosTvSpecial,78
178,@CBS,0.8513,Thu Nov 30 03:35:13 +0000 2017,0.458,0.0,0.542,RT @RDMichelleLNK: Loving a dose of #BrunoMars midweek. So amazing!,79
179,@CBS,0.7232,Thu Nov 30 03:33:32 +0000 2017,0.698,0.0,0.302,We‚Äôre only halfway into the show. Get ready for more of your favorite #BrunoMars tunes! https://t.co/BJh0PeX864,80
180,@CBS,0.0,Thu Nov 30 03:23:03 +0000 2017,1.0,0.0,0.0,"When #BrunoMars tells you to pick up the phone, that‚Äôs exactly what you do. https://t.co/JZDS26h3lL",81
181,@CBS,0.8979,Thu Nov 30 03:11:31 +0000 2017,0.557,0.049,0.394,RT @MargoSlade: Best way to relax after a hard day of work watching #BrunoMars on #BrunosTVSpecial my heart is the happiest,82
182,@CBS,0.0,Thu Nov 30 03:09:54 +0000 2017,1.0,0.0,0.0,RT @Tiffany48184: Now that's how you open up a show!!!!! #BrunoMars,83
183,@CBS,0.6988,Thu Nov 30 03:07:20 +0000 2017,0.548,0.0,0.452,RT if you‚Äôre ready to party with #BrunoMars!! https://t.co/o4qQoKOzgH,84
184,@CBS,0.0,Thu Nov 30 03:06:38 +0000 2017,1.0,0.0,0.0,RT @BrunoMars: POP POP!!üí•üí• everyone tweet #BrunosTvSpecial! We on!!!! üçæ,85
185,@CBS,0.7067,Thu Nov 30 03:03:15 +0000 2017,0.754,0.0,0.246,RT @Queentassia14: Bruno Mars Live at the Apollo!!!! Yeah I have to wake up at like 4 am for work.... but it's worth it. #BrunoMars #Brunos‚Ä¶,86
186,@CBS,0.0,Thu Nov 30 03:02:34 +0000 2017,1.0,0.0,0.0,RT @asbstar30: BRUNO #BrunoMars,87
187,@CBS,0.0,Thu Nov 30 02:59:59 +0000 2017,1.0,0.0,0.0,"Get on your feet, and prepare to dance. #BrunoMars is hitting the stage! https://t.co/yOyq8JlMZj",88
188,@CBS,0.6514,Thu Nov 30 02:45:03 +0000 2017,0.842,0.0,0.158,"Pop pop, it's showtime! Bruno Mars: 24K Magic Live at the Apollo starts at 10/9c on CBS, or try 1 month FREE of CBS‚Ä¶ https://t.co/cpCSYDKieM",89
189,@CBS,0.1139,Thu Nov 30 00:06:05 +0000 2017,0.936,0.0,0.064,Calling all Bruno Mars' lovelies... don't miss Bruno Mars: 24K Magic Live at the Apollo tonight @ 10/9c on CBS &amp; CB‚Ä¶ https://t.co/nGOgukLMx9,90
190,@CBS,0.6825,Wed Nov 29 23:20:13 +0000 2017,0.772,0.0,0.228,You'll treasure this special night with #BrunoMars! Find out how to watch Bruno Mars: 24K Magic Live at the Apollo‚Ä¶ https://t.co/qF2eRcJLSJ,91
191,@CBS,0.5826,Wed Nov 29 23:15:24 +0000 2017,0.848,0.0,0.152,RT @BrunoMars: Ladies put your hoops on tonight! Fellas break out that good cologne! #BrunosTvSpecial is airing on @CBS! What y‚Äôall trynna‚Ä¶,92
192,@CBS,0.0,Wed Nov 29 23:14:57 +0000 2017,1.0,0.0,0.0,RT @YoungSheldon: Sheldon will do whatever it takes to get his hands on his own computer in tomorrow's all-new episode of #YoungSheldon! ht‚Ä¶,93
193,@CBS,0.0,Wed Nov 29 23:13:40 +0000 2017,1.0,0.0,0.0,RT @survivorcbs: What drama will ensue on back-to-back episodes of #Survivor tonight? Watch a sneak peek now: https://t.co/LHcxyClSw1 https‚Ä¶,94
194,@CBS,0.0,Wed Nov 29 22:34:56 +0000 2017,1.0,0.0,0.0,Discover every reason why #BrunoMars is 24K Magic! Watch Bruno Mars: 24K Magic Live at the Apollo tonight @ 10/9c o‚Ä¶ https://t.co/oaPjvl3rSW,95
195,@CBS,0.0,Wed Nov 29 21:07:33 +0000 2017,1.0,0.0,0.0,Did you catch these tiny moments during the 2017 Victoria's Secret Fashion Show? Find out what you may have missed:‚Ä¶ https://t.co/IIyupot9uU,96
196,@CBS,0.4559,Wed Nov 29 20:41:13 +0000 2017,0.858,0.0,0.142,RT @funnyordie: Live! Watch Tim Meadows and Patrick Brammall of @NoActivityCBS play themselves in new 8-bit video game! https://t.co/nXCuHO‚Ä¶,97
197,@CBS,0.0,Wed Nov 29 15:00:07 +0000 2017,1.0,0.0,0.0,The 'Only Angel' @Harry_Styles saw last night were the ones on the runway! Watch him perform at the #VSFashionShow:‚Ä¶ https://t.co/na8GAiZwmS,98
198,@CBS,0.6124,Wed Nov 29 12:00:06 +0000 2017,0.8,0.0,0.2,This entire collection is drop-dead gorgeous. See all the most sizzling looks from the 2017 #VSFashionShow:‚Ä¶ https://t.co/zpTKXcm05r,99
199,@CBS,0.4926,Wed Nov 29 09:09:48 +0000 2017,0.842,0.0,0.158,"Stars @Miguel, @Harry_Styles, @leslieodomjr &amp; more set the tone for a truly incredible show! Watch all the musical‚Ä¶ https://t.co/kmo4l3aGai",100
200,@CNN,-0.5106,Thu Dec 14 16:45:14 +0000 2017,0.769,0.231,0.0,"Rick Santorum: President Trump's ""personal antics"" are damaging his agenda https://t.co/Ng9AtCufSg https://t.co/rtqy5Msw7S",1
201,@CNN,0.0,Thu Dec 14 16:31:09 +0000 2017,1.0,0.0,0.0,'The Simpsons' predicted Disney would buy Fox in an episode that aired way back in 1998 https://t.co/VbVDHI0tQq https://t.co/nlZkBfnhbd,2
202,@CNN,-0.2732,Thu Dec 14 16:20:07 +0000 2017,0.9,0.1,0.0,"Discount drugmaker Teva Pharmaceutical says it will slash 14,000 jobs around the world in an attempt to stabilize t‚Ä¶ https://t.co/3ChgSvnvXX",3
203,@CNN,-0.6705,Thu Dec 14 16:08:51 +0000 2017,0.816,0.184,0.0,"The 20 children and six adults killed five years ago at Sandy Hook Elementary School in Newtown, Connecticut will b‚Ä¶ https://t.co/b00R8LXzWG",4
204,@CNN,0.3612,Thu Dec 14 15:55:58 +0000 2017,0.894,0.0,0.106,"""I wasn‚Äôt ready for a woman President"": 81% of voters in this small Kentucky town voted for Trump, and most are sti‚Ä¶ https://t.co/THBaOAW1Fg",5
205,@CNN,-0.802,Thu Dec 14 15:45:46 +0000 2017,0.675,0.325,0.0,"Rep. Blake Farenthold, who is under fire for accusations of sexual harassment, is not planning to run for re-electi‚Ä¶ https://t.co/xurQGEBAd4",6
206,@CNN,-0.6369,Thu Dec 14 15:35:07 +0000 2017,0.69,0.246,0.065,Exclusive: US military advisers and their local Syrian partners killed 15 ISIS fighters and captured 15 more during‚Ä¶ https://t.co/qB2kUB9E4a,7
207,@CNN,-0.9274,Thu Dec 14 15:25:05 +0000 2017,0.489,0.511,0.0,"A Kentucky lawmaker accused of sexually assaulting a teenage girl in 2013 died in a probable suicide Wednesday, a d‚Ä¶ https://t.co/9RwthN5KTk",8
208,@CNN,0.4201,Thu Dec 14 15:15:16 +0000 2017,0.834,0.0,0.166,Eliminating net neutrality would make internet service look more like cable TV | via @CNNOpinion‚Ä¶ https://t.co/Y3X14h90eD,9
209,@CNN,-0.5574,Thu Dec 14 15:05:10 +0000 2017,0.806,0.194,0.0,"A month after a New York woman died, someone used her identity to campaign against net neutrality‚Ä¶ https://t.co/o3U1s2zxCP",10
210,@CNN,0.0,Thu Dec 14 14:55:14 +0000 2017,1.0,0.0,0.0,Use this calculator and see how the tax bill will affect your paycheck https://t.co/Claj7nTSOI https://t.co/sdcYeKC10C,11
211,@CNN,-0.3818,Thu Dec 14 14:45:06 +0000 2017,0.894,0.106,0.0,The fight for the future of the internet is about to come to a head. Here's what today's vote on net neutrality is‚Ä¶ https://t.co/w0yuTUUF3T,12
212,@CNN,-0.0772,Thu Dec 14 14:35:05 +0000 2017,0.925,0.075,0.0,"Russian President Vladimir Putin says President Trump has made some ""fairly serious achievements"" during his first‚Ä¶ https://t.co/vljyJQA1La",13
213,@CNN,-0.6249,Thu Dec 14 14:25:04 +0000 2017,0.758,0.242,0.0,"Omarosa Manigault Newman, the White House aide whose resignation was announced on Wednesday, denied reports that sh‚Ä¶ https://t.co/JeXI18pbFY",14
214,@CNN,0.2263,Thu Dec 14 14:15:10 +0000 2017,0.872,0.0,0.128,The US will provide $120 million worth of military aid to Lebanon https://t.co/P3Udwqn2Ab https://t.co/q1wPLDJ0ru,15
215,@CNN,0.2732,Thu Dec 14 14:03:56 +0000 2017,0.87,0.0,0.13,The FCC is about to create an 'internet for the elite' | via @CNNopinion https://t.co/I5uv7ZiA1M https://t.co/Fz8hvLqiqJ,16
216,@CNN,0.0,Thu Dec 14 13:52:07 +0000 2017,1.0,0.0,0.0,The FCC is considering a plan that could change the way the internet is regulated. Here's what to know ahead of tod‚Ä¶ https://t.co/kQgrTJpv5n,17
217,@CNN,0.128,Thu Dec 14 13:42:12 +0000 2017,0.795,0.092,0.113,"Roy Moore continues to refuse to concede the Alabama special election, saying in a new video that his campaign is w‚Ä¶ https://t.co/VDCYAZvnzV",18
218,@CNN,0.4767,Thu Dec 14 13:30:47 +0000 2017,0.82,0.047,0.133,"""We're sorry, but you don't have access to Web Video Service. Would you like to add it for $9.99 a month?"" Prepare‚Ä¶ https://t.co/6OVc2YSuGt",19
219,@CNN,-0.6705,Thu Dec 14 13:20:07 +0000 2017,0.816,0.184,0.0,"The 20 children and six adults killed five years ago at Sandy Hook Elementary School in Newtown, Connecticut will b‚Ä¶ https://t.co/KoezhZHEKl",20
220,@CNN,0.5574,Thu Dec 14 13:11:14 +0000 2017,0.787,0.0,0.213,Alabama Trump voter who campaigned for Doug Jones: Roy Moore ‚Äúrepresents hatred‚Äù and ‚Äúhides behind God like a body‚Ä¶ https://t.co/uxLJ7wpv8p,21
221,@CNN,-0.4404,Thu Dec 14 13:10:10 +0000 2017,0.868,0.132,0.0,"The majority of weapons used by ISIS since 2014 originated in China, Russia and Eastern Europe, according to a new‚Ä¶ https://t.co/mBNhlc9Eb2",22
222,@CNN,-0.6249,Thu Dec 14 13:05:35 +0000 2017,0.849,0.151,0.0,Alabama Trump voter on why he did not vote for Roy Moore: ‚ÄúThe Steve Bannon thing. The race issue and the racism is‚Ä¶ https://t.co/HrB1haaPDf,23
223,@CNN,0.0,Thu Dec 14 13:00:19 +0000 2017,1.0,0.0,0.0,These 16 states are running out of funding for CHIP -- the Children's Health Insurance Program‚Ä¶ https://t.co/ijufZAFtQ5,24
224,@CNN,-0.4588,Thu Dec 14 13:00:16 +0000 2017,0.875,0.125,0.0,Alabama Trump voter reacts to Roy Moore defeat: ‚ÄúHe‚Äôs all about Roy Moore. He‚Äôs not about the people. He‚Äôs not a Re‚Ä¶ https://t.co/xuElTjW3S7,25
225,@CNN,-0.34,Thu Dec 14 12:50:06 +0000 2017,0.888,0.112,0.0,"Sen. Bernie Sanders has joined the list of lawmakers calling on President Trump to resign, citing the multiple alle‚Ä¶ https://t.co/zrRM3FOnJz",26
226,@CNN,0.0,Thu Dec 14 12:41:30 +0000 2017,1.0,0.0,0.0,"TV star turned Trump aide Omarosa Manigault Newman, a former ""The Apprentice"" contestant, is leaving her White Hous‚Ä¶ https://t.co/bi7C8WHWiS",27
227,@CNN,-0.9274,Thu Dec 14 12:30:13 +0000 2017,0.489,0.511,0.0,"A Kentucky lawmaker accused of sexually assaulting a teenage girl in 2013 died in a probable suicide Wednesday, a d‚Ä¶ https://t.co/2gUwPlAMgz",28
228,@CNN,0.0,Thu Dec 14 12:20:08 +0000 2017,1.0,0.0,0.0,The inside story of the GOP's Alabama meltdown https://t.co/rN9IDDnu9G https://t.co/g7oexqknul,29
229,@CNN,0.0,Thu Dec 14 12:15:17 +0000 2017,1.0,0.0,0.0,"JUST IN: Disney is buying most of Rupert Murdoch‚Äôs 21st Century Fox for $52.4 billion, in a deal that could reshape‚Ä¶ https://t.co/ePNLOenKbx",30
230,@CNN,0.5719,Thu Dec 14 12:10:08 +0000 2017,0.748,0.0,0.252,How 2017's elections gave Democrats a recipe for big midterm wins https://t.co/zmLy4Dybar https://t.co/8xVzkOvznP,31
231,@CNN,-0.5423,Thu Dec 14 12:00:25 +0000 2017,0.788,0.212,0.0,"5 things for Thursday:

- Net neutrality
- Tax overhaul
- Rod Rosenstein
- Sexual harassment
- North Korea‚Ä¶ https://t.co/WnLdOSzCC8",32
232,@CNN,0.0,Thu Dec 14 11:50:09 +0000 2017,1.0,0.0,0.0,"John McCain calls out Trump for his anti-media remarks, saying the President ""must understand his harmful rhetoric‚Ä¶ https://t.co/7uPpV6jSzs",33
233,@CNN,-0.2732,Thu Dec 14 11:40:03 +0000 2017,0.905,0.095,0.0,"A new report finds that while teen drinking, smoking and drug use overall is fairly low, the percent of teens using‚Ä¶ https://t.co/tN23IhOchR",34
234,@CNN,0.0,Thu Dec 14 11:30:11 +0000 2017,1.0,0.0,0.0,The FCC is considering a plan that could change the way the internet is regulated. Here's what to know ahead of tod‚Ä¶ https://t.co/1JvYd3TCOg,35
235,@CNN,0.4215,Thu Dec 14 11:21:54 +0000 2017,0.781,0.0,0.219,How black women saved Alabama -- and democracy | @CNNOpinion https://t.co/jgbuT7SDEf https://t.co/5QlRhWV1KY,36
236,@CNN,0.743,Thu Dec 14 11:14:27 +0000 2017,0.717,0.0,0.283,You might need a break after the hectic holidays. Here are five places perfect to visit in January:‚Ä¶ https://t.co/iatkxPPecH,37
237,@CNN,0.0,Thu Dec 14 11:04:41 +0000 2017,1.0,0.0,0.0,Two paintings by Renaissance artist Raphael have been discovered at the Vatican - after being hidden for 500 years https://t.co/LUUQ2055JO,38
238,@CNN,-0.4767,Thu Dec 14 10:55:31 +0000 2017,0.763,0.237,0.0,"Climate change made Hurricane Harvey's rainfall worse, study finds https://t.co/r2nwFRXmyc https://t.co/bW34zarLEQ",39
239,@CNN,-0.3182,Thu Dec 14 10:48:10 +0000 2017,0.827,0.173,0.0,British Prime Minister Theresa May lost a key Brexit vote yesterday https://t.co/aexOdbNeAN https://t.co/52X3QF6edU,40
240,@CNN,0.4201,Thu Dec 14 10:37:04 +0000 2017,0.834,0.0,0.166,Eliminating net neutrality would make internet service look more like cable TV | @CNNOpinion https://t.co/YiXc8qz5CQ https://t.co/HlNm8iqIyk,41
241,@CNN,0.6453,Thu Dec 14 10:22:35 +0000 2017,0.652,0.0,0.348,"The world really, really loves British television https://t.co/hsS046ToMV https://t.co/UWQztQ2GlT",42
242,@CNN,0.6908,Thu Dec 14 10:07:49 +0000 2017,0.491,0.11,0.399,The strange and fascinating stories behind your favorite Christmas songs https://t.co/VvS4nAOSYo,43
243,@CNN,0.0,Thu Dec 14 09:30:19 +0000 2017,1.0,0.0,0.0,"Alabama Senate candidate Roy Moore releases a new video statement, does not concede to Doug Jones‚Ä¶ https://t.co/zCwqhkyRRZ",44
244,@CNN,0.2023,Thu Dec 14 09:20:07 +0000 2017,0.904,0.0,0.096,"The window of a US Marine Corps helicopter fell off mid-flight onto a school playing field, slightly injuring a chi‚Ä¶ https://t.co/hNtWeqfjZD",45
245,@CNN,0.0,Thu Dec 14 09:20:05 +0000 2017,1.0,0.0,0.0,How US and Asian democracies can counter China | @marcorubio writes for @CNNOpinion  https://t.co/1MPBS6W5uN https://t.co/379DIdoT7G,46
246,@CNN,0.4215,Thu Dec 14 09:10:06 +0000 2017,0.826,0.0,0.174,Members of Parliament have voted in favor of lawmakers approving the final Brexit deal and the UK's withdrawal from‚Ä¶ https://t.co/MKQPf1UoPY,47
247,@CNN,0.128,Thu Dec 14 09:01:09 +0000 2017,0.923,0.0,0.077,"After a Chinese daredevil fell from the rooftop of a 62-story building, a question has been raised: Who is to blame‚Ä¶ https://t.co/ai2Abtki7P",48
248,@CNN,-0.8271,Thu Dec 14 08:44:01 +0000 2017,0.7,0.3,0.0,"At least 6,700 Rohingya died as a result of violence in Rakhine state between 25 August and 24 September, according‚Ä¶ https://t.co/NpOUMytlTG",49
249,@CNN,0.1531,Thu Dec 14 08:31:04 +0000 2017,0.926,0.0,0.074,An Airbus plane mapped out an intricate Christmas tree -- with ornaments -- and it was spotted on flight radar‚Ä¶ https://t.co/mAr3pMmvKN,50
250,@CNN,-0.9169,Thu Dec 14 08:29:43 +0000 2017,0.502,0.498,0.0,An embattled Kentucky state lawmaker facing sexual assault allegations died Wednesday from a probable suicide https://t.co/r4EQan0YzG,51
251,@CNN,0.4019,Thu Dec 14 08:19:24 +0000 2017,0.816,0.0,0.184,"These smart, self-driving buses are being tested in China: https://t.co/G6u4VAz9Ml via @cnntech https://t.co/2fkJMCEPC6",52
252,@CNN,0.0,Thu Dec 14 08:01:08 +0000 2017,1.0,0.0,0.0,More skyscrapers were built in 2017 than during any other year in history https://t.co/iU8Oo7WcH2 https://t.co/YApFrOsSe7,53
253,@CNN,0.1779,Thu Dec 14 07:50:06 +0000 2017,0.876,0.0,0.124,Japan's answer to Amazon plans to build its own cell-phone network https://t.co/2exLHi1PvF https://t.co/NhMhfxQZ4u,54
254,@CNN,-0.5267,Thu Dec 14 07:40:26 +0000 2017,0.794,0.206,0.0,"An Australian child sex offender was stopped from leaving the country Monday, under new laws which government minis‚Ä¶ https://t.co/oR8tDS48zz",55
255,@CNN,0.2023,Thu Dec 14 07:31:10 +0000 2017,0.899,0.0,0.101,"Covfefe, Hurricane Irma and Matt Lauer? Here are the top searches on Google in 2017 https://t.co/1WFgtJe7sk https://t.co/rNXSQeAvLE",56
256,@CNN,-0.6369,Thu Dec 14 07:25:51 +0000 2017,0.743,0.257,0.0,A former associate of disgraced Hollywood mogul Harvey Weinstein has been accused of sexual misconduct by multiple‚Ä¶ https://t.co/j3XLbMBubT,57
257,@CNN,0.0,Thu Dec 14 07:17:28 +0000 2017,1.0,0.0,0.0,"TV star turned Trump aide Omarosa Manigault Newman, a former ""The Apprentice"" contestant, is leaving her White Hous‚Ä¶ https://t.co/uJ0MWQrt1Z",58
258,@CNN,0.0,Thu Dec 14 07:01:05 +0000 2017,1.0,0.0,0.0,"John McCain calls out Trump for his anti-media remarks, saying the President ""must understand his harmful rhetoric‚Ä¶ https://t.co/Oscs8SYEVm",59
259,@CNN,0.0,Thu Dec 14 06:51:38 +0000 2017,1.0,0.0,0.0,The Trump administration will present evidence Thursday of what it says is proof that Iran has provided missiles to‚Ä¶ https://t.co/dbWW0ZFWU0,60
260,@CNN,0.25,Thu Dec 14 06:46:07 +0000 2017,0.895,0.0,0.105,"The Navajo Nation has sued Wells Fargo, claiming the bank targeted tribal members with ""predatory sales tactics""‚Ä¶ https://t.co/DxrpyCsZTo",61
261,@CNN,-0.2782,Thu Dec 14 06:31:03 +0000 2017,0.908,0.092,0.0,Climate change is partly to blame for the record rainfall that fell over Texas and Louisiana in the days after Hurr‚Ä¶ https://t.co/Ky9H8s9olQ,62
262,@CNN,0.0772,Thu Dec 14 06:16:03 +0000 2017,0.894,0.0,0.106,26-year-olds face challenges as they fall off parents' health insurance https://t.co/uRbmMj6YkR https://t.co/LYQC0RwLX9,63
263,@CNN,-0.34,Thu Dec 14 06:01:28 +0000 2017,0.888,0.112,0.0,"Bernie Sanders has joined the list of lawmakers calling on US President Trump to resign, citing the multiple allega‚Ä¶ https://t.co/Kof52GA2rd",64
264,@CNN,0.0,Thu Dec 14 06:01:06 +0000 2017,1.0,0.0,0.0,"A homeless man stole more than $350,000 from an unlocked room in Paris' Charles de Gaulle Airport on Friday, accord‚Ä¶ https://t.co/BNOQ9FunQN",65
265,@CNN,-0.5106,Thu Dec 14 05:46:05 +0000 2017,0.784,0.216,0.0,8 numbers out of Alabama that should terrify Republicans | Analysis by @CillizzaCNN https://t.co/tVtDZTXcEx https://t.co/j4GPWd1RoH,66
266,@CNN,0.5106,Thu Dec 14 05:31:07 +0000 2017,0.852,0.0,0.148,A baby born with her heart outside her body has survived three surgeries to insert it back into her chest‚Ä¶ https://t.co/Rg061JOuvR,67
267,@CNN,0.0,Thu Dec 14 05:16:07 +0000 2017,1.0,0.0,0.0,Use this calculator and see how the tax bill will affect your paycheck https://t.co/D3eD9Ay8lu https://t.co/dAJfoDemlK,68
268,@CNN,0.0,Thu Dec 14 05:01:03 +0000 2017,1.0,0.0,0.0,"Arctic temperatures are continuing to rise while sea ice declines, a new report has found, with the region showing‚Ä¶ https://t.co/HFUMOGJKpy",69
269,@CNN,0.4215,Thu Dec 14 04:55:05 +0000 2017,0.826,0.0,0.174,Members of Parliament have voted in favor of lawmakers approving the final Brexit deal and the UK's withdrawal from‚Ä¶ https://t.co/FyQtgDlYOP,70
270,@CNN,-0.6705,Thu Dec 14 04:48:12 +0000 2017,0.809,0.191,0.0,"Lisa McNair's sister was killed in the '63 Alabama Baptist Church bombing. Years later, then a US attorney, Doug Jo‚Ä¶ https://t.co/7CiUn1agLm",71
271,@CNN,0.4019,Thu Dec 14 04:46:06 +0000 2017,0.627,0.153,0.22,Credit card debt is on the rise. American households now pay an average of $904 a year in interest alone.‚Ä¶ https://t.co/RLNnOy7SA6,72
272,@CNN,0.2023,Thu Dec 14 04:32:16 +0000 2017,0.904,0.0,0.096,"The window of a US Marine Corps helicopter fell off mid-flight onto a school playing field, slightly injuring a chi‚Ä¶ https://t.co/rUE6n8tomi",73
273,@CNN,0.4019,Thu Dec 14 04:31:11 +0000 2017,0.881,0.0,0.119,These charts help to explain how Alabama elected a Democrat to the US Senate for the first time in 25 years‚Ä¶ https://t.co/fB7bUOHwO6,74
274,@CNN,0.0,Thu Dec 14 04:21:55 +0000 2017,1.0,0.0,0.0,"Alabama Senate candidate Roy Moore releases a new video statement, does not concede to Doug Jones‚Ä¶ https://t.co/sZ9m8rIEdD",75
275,@CNN,0.0,Thu Dec 14 04:16:04 +0000 2017,1.0,0.0,0.0,These films are among the 25 additions this year to the National Film Registry of the US Library of Congress‚Ä¶ https://t.co/XrSzttToZv,76
276,@CNN,0.0,Thu Dec 14 04:11:40 +0000 2017,1.0,0.0,0.0,"RT @CNNTonight: Alabama Senate candidate Roy Moore releases a new video statement, does not concede to Doug Jones https://t.co/LGeTyUu0MK h‚Ä¶",77
277,@CNN,-0.2755,Thu Dec 14 04:11:04 +0000 2017,0.912,0.088,0.0,"The White House and State Department both stated that the US is not ready to begin talks with North Korea, a day af‚Ä¶ https://t.co/QV6ZgN0gCD",78
278,@CNN,0.7184,Thu Dec 14 04:01:04 +0000 2017,0.684,0.051,0.265,Three Florida men seen in a viral video laughing and smiling as a shark gets dragged behind a high-speed boat have‚Ä¶ https://t.co/KToLJD1Dto,79
279,@CNN,0.0,Thu Dec 14 04:00:20 +0000 2017,0.833,0.083,0.083,"RT @OutFrontCNN: Omarosa Manigault - no longer a part of Donald Trump's White House. So, how did it all go down? April Ryan shares her insi‚Ä¶",80
280,@CNN,0.0,Thu Dec 14 03:46:06 +0000 2017,1.0,0.0,0.0,Target buys Shipt for $550 million with an eye on Amazon's push into same-day delivery https://t.co/yZPU8m4VkE https://t.co/gdIbqcfPWN,81
281,@CNN,0.0,Thu Dec 14 03:41:41 +0000 2017,1.0,0.0,0.0,How US and Asian democracies can counter China | @marcorubio writes for @CNNOpinion  https://t.co/VJuOSVUAoY https://t.co/4D4ZDAcdap,82
282,@CNN,0.0,Thu Dec 14 03:41:33 +0000 2017,1.0,0.0,0.0,RT @AC360: ‚ÄúThe tweet that he did on Kirsten was really beyond the pale‚Äù - Sen. Mazie Hirono tells Anderson Cooper that President Trump's s‚Ä¶,83
283,@CNN,-0.6597,Thu Dec 14 03:32:32 +0000 2017,0.833,0.167,0.0,"""Your son Beau had the same cancer that my father was diagnosed with six months ago,"" Meghan McCain said to Joe Bid‚Ä¶ https://t.co/C56mbcftyY",84
284,@CNN,-0.743,Thu Dec 14 03:16:08 +0000 2017,0.644,0.268,0.088,"Margaret Mary Basco died on June 9, 2017. She's one of more than a million Americans, both dead and alive, whose id‚Ä¶ https://t.co/yosUOcq70o",85
285,@CNN,-0.0258,Thu Dec 14 03:03:22 +0000 2017,0.725,0.116,0.159,Chinese daredevil falls from roof top in the city of Changsha. But who is to blame? https://t.co/Sjt0Q6wCJ7 https://t.co/WSUxzDASwQ,86
286,@CNN,-0.4425,Thu Dec 14 03:01:08 +0000 2017,0.782,0.218,0.0,"The GOP doesn't want a shutdown, but no one can say how the showdown ends https://t.co/vTLmeIVML6 https://t.co/zvZhdhNhJ4",87
287,@CNN,0.743,Thu Dec 14 02:46:04 +0000 2017,0.613,0.0,0.387,How black voters boosted Doug Jones to a win in Alabama https://t.co/YhtnlXkYzx https://t.co/tDR6mMpV0m,88
288,@CNN,0.0,Thu Dec 14 02:32:23 +0000 2017,1.0,0.0,0.0,Heading to South Korea for the Pyeongchang Winter Olympics but a bit concerned about any potential language barrier‚Ä¶ https://t.co/g67sktlHFB,89
289,@CNN,-0.34,Thu Dec 14 02:25:36 +0000 2017,0.888,0.112,0.0,"Sen. Bernie Sanders has joined the list of lawmakers calling on President Trump to resign, citing the multiple alle‚Ä¶ https://t.co/WLQnGy1QLB",90
290,@CNN,0.0,Thu Dec 14 02:05:49 +0000 2017,1.0,0.0,0.0,"Stuart Stevens, former Mitt Romney campaign adviser, says the combination of Roy Moore and Steve Bannon was ""partic‚Ä¶ https://t.co/J5esxl33iU",91
291,@CNN,-0.0572,Thu Dec 14 02:03:11 +0000 2017,0.942,0.058,0.0,"Bernie Sanders on the tax bill push: ""They are moving this at lightning speed because they don't want the American‚Ä¶ https://t.co/T2RgouM7dN",92
292,@CNN,-0.4137,Thu Dec 14 01:45:36 +0000 2017,0.873,0.127,0.0,"Bernie Sanders on Donald Trump: ""Do I think the President should resign? I do. Do I think he will? I don't. But yes‚Ä¶ https://t.co/R8sDkiXqQR",93
293,@CNN,0.0,Thu Dec 14 01:35:17 +0000 2017,1.0,0.0,0.0,"""Everybody knows exactly what he meant"": Bernie Sanders describes President Trump's tweet about Sen. Gillibrand as‚Ä¶ https://t.co/XCO5WZD1OC",94
294,@CNN,0.8176,Thu Dec 14 01:28:57 +0000 2017,0.717,0.0,0.283,"Bernie Sanders on Doug Jones' win: ‚ÄúAgainst all of the odds, Jones won because there was a very, very large turnout‚Ä¶ https://t.co/Lj1hptFUA3",95
295,@CNN,0.0,Thu Dec 14 01:24:42 +0000 2017,1.0,0.0,0.0,CNN's Anderson Cooper looks at President Trump's response to the Alabama Senate race https://t.co/lmjs1Tie15 https://t.co/m7k8u6h27f,96
296,@CNN,-0.34,Thu Dec 14 01:12:46 +0000 2017,0.854,0.146,0.0,RT @OutFrontCNN: Democrat Rep. Jerrold Nadler: GOP trying to lay groundwork to fire Mueller https://t.co/YedhWTiZ32,97
297,@CNN,-0.765,Thu Dec 14 01:07:07 +0000 2017,0.663,0.337,0.0,"PBS has suspended distribution of Tavis Smiley's show amid ""troubling allegations"" against the host‚Ä¶ https://t.co/qOkGAhzEar",98
298,@CNN,-0.5719,Thu Dec 14 01:04:42 +0000 2017,0.725,0.203,0.072,Exclusive: A former senior aide to Rep. Blake Farenthold describes new details of the congressman‚Äôs abusive behavio‚Ä¶ https://t.co/11k7f99RcR,99
299,@CNN,-0.4767,Thu Dec 14 01:04:08 +0000 2017,0.86,0.14,0.0,"The Senate race that unfolded might be a political case study in Murphy's Law: whatever could go wrong, did.

This‚Ä¶ https://t.co/ws1Z54G8Og",100
300,@FoxNews,0.0,Thu Dec 14 16:38:14 +0000 2017,1.0,0.0,0.0,".@SpeakerRyan on @farenthold: ""He's made the right decision that he's going to be leaving Congress."" https://t.co/YUfERXRxr0",1
301,@FoxNews,0.895,Thu Dec 14 16:36:35 +0000 2017,0.56,0.0,0.44,".@SpeakerRyan: ""Care for children in need should always, always go beyond party lines, so I certainly hope both par‚Ä¶ https://t.co/NaYVDpTkhx",2
302,@FoxNews,0.4404,Thu Dec 14 16:35:21 +0000 2017,0.738,0.0,0.262,".@SpeakerRyan: ""We believe it's vitally important that we fund our national defense."" https://t.co/A7zYRwifJk",3
303,@FoxNews,0.0,Thu Dec 14 16:33:05 +0000 2017,1.0,0.0,0.0,.@DHSGov @SecNielsen: Still Need Congress to Approve Funds for New Border Wall Sections https://t.co/CYsrlc3yYH https://t.co/7bqXKCKsFc,4
304,@FoxNews,-0.2263,Thu Dec 14 16:31:30 +0000 2017,0.808,0.192,0.0,Nazareth cancels Christmas celebrations over Trump's Israel decision https://t.co/1zW9xBnNFR,5
305,@FoxNews,-0.6249,Thu Dec 14 16:29:02 +0000 2017,0.733,0.267,0.0,.@GovMikeHuckabee on @FBI Agents' Texts: This Stinks Worse Than a Feed Lot on a Hog Farm https://t.co/UCTK4uG4Id https://t.co/2fSdOpIbO4,6
306,@FoxNews,0.0,Thu Dec 14 16:20:50 +0000 2017,1.0,0.0,0.0,"On Twitter, @KamalaHarris said that DREAMers cannot wait for DACA to pass. https://t.co/HoTlj6XotN",7
307,@FoxNews,0.0,Thu Dec 14 16:14:17 +0000 2017,1.0,0.0,0.0,Omarosa speaks out on drama behind White House departure https://t.co/msDiZemeoX,8
308,@FoxNews,-0.9013,Thu Dec 14 16:12:35 +0000 2017,0.606,0.394,0.0,The tragedy of Palmyra: First look inside one of world‚Äôs most magical ancient ruins ‚Äì now utterly destroyed by ISIS‚Ä¶ https://t.co/Al3gZfxCc5,9
309,@FoxNews,-0.128,Thu Dec 14 16:02:40 +0000 2017,0.684,0.179,0.137,5-year-old Texas church shooting victim wishes for Christmas cards https://t.co/2GzOwd7mzV,10
310,@FoxNews,-0.0772,Thu Dec 14 16:02:12 +0000 2017,0.909,0.091,0.0,"NFL Network exec deletes Twitter account after exchanges with porn stars, escorts exposed https://t.co/HhV3y6NInq",11
311,@FoxNews,0.2263,Thu Dec 14 15:59:33 +0000 2017,0.612,0.163,0.224,".@toddstarnes: @Hallmark Christmas movies under fire for spreading 'Caucasian cheer'
https://t.co/Wyx5p8MLns",12
312,@FoxNews,-0.4939,Thu Dec 14 15:55:02 +0000 2017,0.652,0.254,0.094,"Ralph Peters: ""Iran has been violating a number of international agreements."" https://t.co/QKugzFlUoG",13
313,@FoxNews,-0.3818,Thu Dec 14 15:44:01 +0000 2017,0.729,0.271,0.0,Republicans slam Russia investigation; Catherine Herridge reports. https://t.co/HQXCCIe6wY,14
314,@FoxNews,0.0,Thu Dec 14 15:34:55 +0000 2017,1.0,0.0,0.0,"Argentina submarine chased by British helicopter before vanishing, sailor's sister claims https://t.co/cBIERHKeGX",15
315,@FoxNews,0.6468,Thu Dec 14 15:32:04 +0000 2017,0.789,0.0,0.211,'Tis the season! Take a look at New York City during the most wonderful time of year. üéÑ https://t.co/ByeoSk40Ie,16
316,@FoxNews,-0.34,Thu Dec 14 15:31:05 +0000 2017,0.75,0.175,0.075,".@SenJohnThune: ""This is going to be a big tax cut for middle income families and also a significant cut for our bu‚Ä¶ https://t.co/aZwK3I0xWe",17
317,@FoxNews,0.0,Thu Dec 14 15:28:39 +0000 2017,1.0,0.0,0.0,".@FLOTUS sits with children of military families at a ""Toys for Tots"" event at Joint Base Anacostia-Bolling in‚Ä¶ https://t.co/q5EauaZ776",18
318,@FoxNews,0.0,Thu Dec 14 15:25:42 +0000 2017,1.0,0.0,0.0,BREAKING NEWS: Texas Congressman Blake @farenthold will not seek re-election amid sexual misconduct claims. https://t.co/Pqdo8804kT,19
319,@FoxNews,-0.926,Thu Dec 14 15:22:00 +0000 2017,0.444,0.556,0.0,"Man arrested in 1989 rape, murder of Washington state teenager (via @travfed)  https://t.co/sxEnAHhbD5",20
320,@FoxNews,-0.7351,Thu Dec 14 15:21:33 +0000 2017,0.677,0.323,0.0,Amy Locane-Bovenizer reflects on fatal drunk-driving crash: 'I think about the woman every day' https://t.co/2BASyD7sLT,21
321,@FoxNews,0.0,Thu Dec 14 15:18:14 +0000 2017,1.0,0.0,0.0,DEVELOPING NEWS: 2 police officers shot in North St. Louis. https://t.co/NCb3fE2oGL,22
322,@FoxNews,-0.3178,Thu Dec 14 15:11:34 +0000 2017,0.597,0.259,0.144,".@SenJohnThune on #ALSen: ""I'm not happy with the outcome. There were no good outcomes."" https://t.co/9iHD3M9N3J",23
323,@FoxNews,-0.5106,Thu Dec 14 15:06:40 +0000 2017,0.829,0.171,0.0,"While on tour for her book ""What Happened,"" failed 2016 presidential candidate @HillaryClinton offered her suggesti‚Ä¶ https://t.co/yNmNVHxTdu",24
324,@FoxNews,0.0,Thu Dec 14 15:05:06 +0000 2017,1.0,0.0,0.0,.@Disney buys @21CF. https://t.co/zYMmJGvt77 https://t.co/RTyk564Ehx,25
325,@FoxNews,-0.5267,Thu Dec 14 15:04:21 +0000 2017,0.815,0.185,0.0,.@seanhannity on Mueller Probe: Rod Rosenstein 'Aiding and Abetting' the 'Threat to Rule of Law' https://t.co/DzaSXOKfSh,26
326,@FoxNews,0.0,Thu Dec 14 15:00:23 +0000 2017,1.0,0.0,0.0,Omarosa speaks out on drama behind White House departure - via @brookefoxnews https://t.co/l69ysVHUlE,27
327,@FoxNews,-0.1027,Thu Dec 14 14:59:51 +0000 2017,0.931,0.069,0.0,".@TomPerez on GOP tax bill: ""There's so many middle class families that are going to pay more in taxes."" https://t.co/6Tv4DLFj0t",28
328,@FoxNews,0.5859,Thu Dec 14 14:54:19 +0000 2017,0.787,0.0,0.213,".@TomPerez: ""I think we're going to win the Senate and the House"" in 2018. https://t.co/Hfn8uXzyxQ",29
329,@FoxNews,0.5574,Thu Dec 14 14:53:00 +0000 2017,0.765,0.0,0.235,".@TomPerez: ""[@GDouglasJones] wants to expand healthcare. He wants to make sure that the Children's Health Insuranc‚Ä¶ https://t.co/aiJ1TZNIpB",30
330,@FoxNews,0.0,Thu Dec 14 14:52:06 +0000 2017,1.0,0.0,0.0,".@TomPerez: ""We need to raise the minimum wage."" https://t.co/Cnvl8s1FcK",31
331,@FoxNews,-0.1027,Thu Dec 14 14:50:45 +0000 2017,0.931,0.069,0.0,".@TomPerez on GOP tax bill: ""There's so many middle class families that are going to pay more in taxes."" https://t.co/u0FLYnIIJd",32
332,@FoxNews,0.6597,Thu Dec 14 14:49:44 +0000 2017,0.735,0.0,0.265,".@TomPerez: ""I thought the Republican Party was the party of fiscal responsibility. This is blowing a major-league‚Ä¶ https://t.co/JiLXwUDGe4",33
333,@FoxNews,0.0,Thu Dec 14 14:47:46 +0000 2017,1.0,0.0,0.0,".@GovMikeHuckabee: ""Who has time to exchange 10,000 texts?"" https://t.co/tMLnfJK1Um",34
334,@FoxNews,0.0,Thu Dec 14 14:45:48 +0000 2017,1.0,0.0,0.0,".@FLOTUS high fives the daughter of a military family at a ""Toys for Tots"" event at Joint Base Anacostia-Bolling in‚Ä¶ https://t.co/aDILY2alM8",35
335,@FoxNews,0.4019,Thu Dec 14 14:45:14 +0000 2017,0.748,0.0,0.252,Santa pays special visit to hospital's tiniest patients https://t.co/fQRbLGKaqv,36
336,@FoxNews,0.0516,Thu Dec 14 14:43:05 +0000 2017,0.513,0.205,0.282,New F-35A fighter jet gets a new powerful bomb (via @allison_barrie)  https://t.co/XL8BrSolJ5,37
337,@FoxNews,0.0,Thu Dec 14 14:41:11 +0000 2017,1.0,0.0,0.0,".@GovMikeHuckabee: ""Who has time to exchange 10,000 texts?"" https://t.co/Hs8MFXNJ4N",38
338,@FoxNews,0.0,Thu Dec 14 14:40:31 +0000 2017,1.0,0.0,0.0,".@GovMikeHuckabee: ""[Rod Rosenstein] didn't really answer the questions."" https://t.co/InkK5oDvEh",39
339,@FoxNews,0.4019,Thu Dec 14 14:31:04 +0000 2017,0.803,0.0,0.197,".@BillHemmer: ""Will the tax deal pass?""

@Jim_Jordan: ""Yes, yes. Next Tuesday."" https://t.co/ZAaFom9jiN",40
340,@FoxNews,0.0,Thu Dec 14 14:17:42 +0000 2017,1.0,0.0,0.0,BREAKING NEWS: 2 police officers shot in North St. Louis. https://t.co/BD6LWVq6lB,41
341,@FoxNews,0.0,Thu Dec 14 14:16:58 +0000 2017,1.0,0.0,0.0,"Omarosa speaks out on drama behind White House departure - via @brookefoxnews
https://t.co/l69ysVHUlE",42
342,@FoxNews,0.0,Thu Dec 14 14:14:25 +0000 2017,1.0,0.0,0.0,Net neutrality terms to know https://t.co/8pfCXU6ASB,43
343,@FoxNews,0.3182,Thu Dec 14 14:08:41 +0000 2017,0.892,0.0,0.108,"RT @FoxBusiness: .@rupertmurdoch on Disney-FOX deal: ""This gives Disney a huge footprint across Europe and India, which they don't have now‚Ä¶",44
344,@FoxNews,0.0,Thu Dec 14 14:08:38 +0000 2017,1.0,0.0,0.0,"RT @FoxBusiness: .@rupertmurdoch on competition: ""Facebook coming in, and Apple and Netflix are all going to be big players."" https://t.co/‚Ä¶",45
345,@FoxNews,0.0,Thu Dec 14 14:06:54 +0000 2017,1.0,0.0,0.0,.@Disney buys @21CF. https://t.co/zYMmJGvt77 https://t.co/AvxqxJLJtl,46
346,@FoxNews,0.0,Thu Dec 14 14:02:24 +0000 2017,1.0,0.0,0.0,"Argentina submarine chased by British helicopter before vanishing, sailor's sister claims https://t.co/cBIERHKeGX",47
347,@FoxNews,-0.7717,Thu Dec 14 14:02:17 +0000 2017,0.503,0.428,0.069,Kentucky lawmaker's death stuns Statehouse already beset by sex scandal https://t.co/snKGEJ1uFc,48
348,@FoxNews,0.0,Thu Dec 14 13:58:22 +0000 2017,1.0,0.0,0.0,Watchdog reveals how ex-Mueller agents' anti-Trump texts came to light https://t.co/Jsc2zUsexC,49
349,@FoxNews,0.0,Thu Dec 14 13:50:01 +0000 2017,1.0,0.0,0.0,".@MickMulvaneyOMB: ""It's @TheDemocrats on the Hill who say that they won't vote to fund the government unless somet‚Ä¶ https://t.co/lJChnkFaIx",50
350,@FoxNews,0.25,Thu Dec 14 13:47:16 +0000 2017,0.917,0.0,0.083,"RT @FoxBusiness: .@rupertmurdoch on vision for new company: ""It will have a cash flow of at least $2 billion a year after everything. We ca‚Ä¶",51
351,@FoxNews,0.4215,Thu Dec 14 13:43:30 +0000 2017,0.872,0.0,0.128,"RT @FoxBusiness: .@rupertmurdoch on changing industry: ""Entertainment is more non-linear. We see that from the way people watch the broadca‚Ä¶",52
352,@FoxNews,0.4215,Thu Dec 14 13:34:27 +0000 2017,0.872,0.0,0.128,"RT @FoxBusiness: .@rupertmurdoch on possibility of closing SKY deal: ""We're hoping to, we expect to in the next 6 months."" https://t.co/9er‚Ä¶",53
353,@FoxNews,0.0,Thu Dec 14 13:31:07 +0000 2017,1.0,0.0,0.0,"RT @FoxBusiness: .@rupertmurdoch on Disney-21st Century FOX deal: ""There's a lot of change coming. People watch television differently... I‚Ä¶",54
354,@FoxNews,0.5267,Thu Dec 14 13:24:28 +0000 2017,0.812,0.0,0.188,RT @FoxBusiness: Programming Alert: 21st Century Fox Executive Chairman @rupertmurdoch to join ‚ÄúMornings with Maria‚Äù at 8:20 a.m. ET to dis‚Ä¶,55
355,@FoxNews,0.0,Thu Dec 14 13:22:16 +0000 2017,1.0,0.0,0.0,".@NYCCOBA1 President Elias Husamudeen: ""@NYCMayor has been doing everything that he can to keep the public's attent‚Ä¶ https://t.co/I1QuwEaznk",56
356,@FoxNews,0.0,Thu Dec 14 13:12:34 +0000 2017,1.0,0.0,0.0,.@Disney buys @21CF. https://t.co/zYMmJGvt77 https://t.co/6xyp8jeTCq,57
357,@FoxNews,-0.296,Thu Dec 14 13:08:29 +0000 2017,0.864,0.136,0.0,"Moments ago, President @realDonaldTrump tweeted about tax cuts and the stock market's record highs. https://t.co/uM8keyWhr8",58
358,@FoxNews,0.2263,Thu Dec 14 13:01:49 +0000 2017,0.793,0.084,0.123,"In yesterday's speech pushing tax reform, @POTUS said the new tax guidelines favored the ""forgotten men and women o‚Ä¶ https://t.co/6x2vHHew2R",59
359,@FoxNews,0.0,Thu Dec 14 12:59:10 +0000 2017,1.0,0.0,0.0,Trump Jr. interviewed by Senate panel in Russia probe for nine hours https://t.co/7YfzsY6qtL,60
360,@FoxNews,0.3612,Thu Dec 14 12:56:03 +0000 2017,0.865,0.0,0.135,".@carolmswain: ""The university is balkanized with all these different kinds of units just like our country."" https://t.co/PdLJaoQTJm",61
361,@FoxNews,0.4019,Thu Dec 14 12:49:16 +0000 2017,0.787,0.0,0.213,Tavis Smiley rips PBS' 'so-called investigation' into sexual misconduct claims https://t.co/1p8qeRoIrR,62
362,@FoxNews,-0.5245,Thu Dec 14 12:46:18 +0000 2017,0.714,0.2,0.086,".@replouiegohmert: ""So many on the Special... Counsel's force aren't just biased - they're oozing hatred for Trump‚Ä¶ https://t.co/TjMXohFt38",63
363,@FoxNews,0.3612,Thu Dec 14 12:45:39 +0000 2017,0.865,0.0,0.135,".@carolmswain: ""The university is balkanized with all these different kinds of units just like our country."" https://t.co/8VPKQo0IF2",64
364,@FoxNews,0.6124,Thu Dec 14 12:32:58 +0000 2017,0.783,0.0,0.217,".@SecNielsen: ""We're going to have a wall. We're going to have border security, and we're going to protect the home‚Ä¶ https://t.co/9W31eIGUrL",65
365,@FoxNews,0.0,Thu Dec 14 12:29:51 +0000 2017,1.0,0.0,0.0,".@carolmswain: ""The loudest voices are the ones that get appeased."" https://t.co/ZY4Uv2mplQ",66
366,@FoxNews,0.1779,Thu Dec 14 12:28:16 +0000 2017,0.904,0.0,0.096,RT @FoxBusiness: #BreakingNews: Disney to acquire Twenty-First Century Fox assets for $52.4B in stock $DIS $FOXA https://t.co/ryMYaKbyKZ,67
367,@FoxNews,0.0,Thu Dec 14 12:28:09 +0000 2017,1.0,0.0,0.0,".@carolmswain: ""Faculty and administrators often are instigating [protest], that they are sort of working along wit‚Ä¶ https://t.co/eHn6QyQ2rH",68
368,@FoxNews,0.2263,Thu Dec 14 12:17:58 +0000 2017,0.868,0.0,0.132,Breaking News: Disney reaches deal to acquire key assets of Fox News parent company 21st Century Fox in a $52.4 bil‚Ä¶ https://t.co/A87UtKOMcm,69
369,@FoxNews,-0.3818,Thu Dec 14 12:12:08 +0000 2017,0.867,0.133,0.0,Bre Kingsbury on @foxandfriends: ‚ÄúWe are able to place a wreath at every single veteran‚Äôs grave at [@ArlingtonNatl]‚Ä¶ https://t.co/LCjzihMdPV,70
370,@FoxNews,0.0,Thu Dec 14 12:00:02 +0000 2017,1.0,0.0,0.0,Anonymous donor pays more than $40G in @Walmart layaway bills https://t.co/zYwlrXtw4J,71
371,@FoxNews,-0.4585,Thu Dec 14 11:59:12 +0000 2017,0.842,0.158,0.0,OPINION: @Judgenap: ISIS-inspired monsters in our midst cannot inspire us to cast aside the Constitution (via‚Ä¶ https://t.co/WaVP2CU7uL,72
372,@FoxNews,0.0,Thu Dec 14 11:53:32 +0000 2017,1.0,0.0,0.0,WATCH: @DHSgov @SecNielsen tours the TX-Mexico border on @foxandfriends https://t.co/GSjHJh60HE,73
373,@FoxNews,-0.128,Thu Dec 14 11:39:35 +0000 2017,0.919,0.081,0.0,".@SecNielsen on the border wall: ‚ÄúIt‚Äôs really three components‚Ä¶it‚Äôs the physical barrier, it‚Äôs the technology and t‚Ä¶ https://t.co/8FZ4K8bzK3",74
374,@FoxNews,0.34,Thu Dec 14 11:34:16 +0000 2017,0.882,0.0,0.118,".@SecNielsen on @foxandfriends: ‚ÄúWe‚Äôre going to have a wall, we‚Äôre going to have border security and we‚Äôre going to‚Ä¶ https://t.co/NoUIzCGBpR",75
375,@FoxNews,0.4588,Thu Dec 14 11:30:01 +0000 2017,0.769,0.0,0.231,Plane draws Christmas tree in the sky on festive flight https://t.co/ixPaa2DqLd,76
376,@FoxNews,0.3182,Thu Dec 14 11:22:43 +0000 2017,0.859,0.0,0.141,".@SecNielsen on @foxandfriends: ""We‚Äôve got to increase vetting for everyone coming into this country."" https://t.co/myV2DkaKh3",77
377,@FoxNews,-0.1779,Thu Dec 14 11:18:27 +0000 2017,0.516,0.297,0.187,"Five years after Newtown, no easy answers in gun debate https://t.co/rh58Jt1x2G",78
378,@FoxNews,0.0,Thu Dec 14 11:14:10 +0000 2017,1.0,0.0,0.0,.@JaniceDean gives an update on the weather @FoxFriendsFirst https://t.co/MCEMB4jhxL,79
379,@FoxNews,-0.7845,Thu Dec 14 11:11:39 +0000 2017,0.504,0.496,0.0,Russell Simmons accused of rape by four women https://t.co/9oiXNYZlu3,80
380,@FoxNews,0.0,Thu Dec 14 11:08:50 +0000 2017,1.0,0.0,0.0,"Bill banning Down syndrome abortions passes in Ohio, heads to Kasich's desk https://t.co/OiXGJerNHg",81
381,@FoxNews,0.7424,Thu Dec 14 11:00:03 +0000 2017,0.73,0.0,0.27,Little brother to the rescue! When two-year-old Jash Lewis thought his sister needed help during her wrestling matc‚Ä¶ https://t.co/pjDAryqTxU,82
382,@FoxNews,0.128,Thu Dec 14 10:59:01 +0000 2017,0.914,0.0,0.086,"Coming up on @foxandfriends, @DHSgov @SecNielsen talks immigration in an exclusive interview on Fox News Channel. https://t.co/Q2FJrETuaY",83
383,@FoxNews,0.128,Thu Dec 14 10:54:14 +0000 2017,0.897,0.0,0.103,"By signing defense bill, #Trump also bans Kaspersky Lab products from US government https://t.co/Wt7xnz5nS7",84
384,@FoxNews,0.4215,Thu Dec 14 10:51:58 +0000 2017,0.741,0.0,0.259,.@FLOTUS attends Toys for Tots charity drive @FoxFriendsFirst https://t.co/h5dw0rTCx3,85
385,@FoxNews,-0.0258,Thu Dec 14 10:45:04 +0000 2017,0.492,0.257,0.251,Wreath goal reached: Wreaths Across America to honor fallen heroes‚Äô graves @FoxFriendsFirst https://t.co/bCgbOX5iLz,86
386,@FoxNews,0.0,Thu Dec 14 10:40:02 +0000 2017,1.0,0.0,0.0,Final vote on tax bill expected next week @FoxFriendsFirst @GriffJenkins @HeatherChilders https://t.co/E6pZVCGamQ https://t.co/1nr7pizaEz,87
387,@FoxNews,-0.1779,Thu Dec 14 10:35:00 +0000 2017,0.483,0.317,0.2,"5 years after Newtown, no easy answers in gun debate https://t.co/Dg8OOoK2MQ",88
388,@FoxNews,-0.2263,Thu Dec 14 10:30:05 +0000 2017,0.913,0.087,0.0,".@TomFitton: ""I think the FBI's been compromised. Forget about shutting down Mr. Mueller. Do we need to shut down t‚Ä¶ https://t.co/6VFz5FGfTH",89
389,@FoxNews,0.5859,Thu Dec 14 10:00:00 +0000 2017,0.725,0.0,0.275,Woman snaps amazing photos of deer wandering into Colorado store https://t.co/6fbUO774gY,90
390,@FoxNews,0.296,Thu Dec 14 09:40:00 +0000 2017,0.82,0.0,0.18,Surgeon admits to burning initials into patients' livers during operations https://t.co/JY95YkHc8V,91
391,@FoxNews,-0.4767,Thu Dec 14 09:30:00 +0000 2017,0.829,0.171,0.0,"Three arrested after Connecticut man is thrown 45 feet off bridge, police say https://t.co/0Tk7jKBHb3 via‚Ä¶ https://t.co/BarJWqkA55",92
392,@FoxNews,0.0,Thu Dec 14 09:20:00 +0000 2017,1.0,0.0,0.0,Roy Moore bucks calls to concede in Alabama Senate race https://t.co/ebX4s8aTHw https://t.co/Cs5YB1X26n,93
393,@FoxNews,0.5499,Thu Dec 14 09:03:53 +0000 2017,0.543,0.165,0.291,"Media celebrate Moore loss, blame Trump, but did party dodge a bullet? https://t.co/Tp3Bh5W3Ds via @HowardKurtz @MediaBuzzFNC",94
394,@FoxNews,0.4588,Thu Dec 14 09:00:01 +0000 2017,0.769,0.0,0.231,Plane draws Christmas tree in the sky on festive flight https://t.co/ixPaa2V29N,95
395,@FoxNews,0.0,Thu Dec 14 08:47:41 +0000 2017,1.0,0.0,0.0,Watchdog reveals how ex-Mueller agents' anti-Trump texts came to light https://t.co/ecRpoKtLOi via @SChamberlainFOX,96
396,@FoxNews,0.2023,Thu Dec 14 08:30:00 +0000 2017,0.859,0.0,0.141,.@Google reveals Matt Lauer and Hurricane Irma are 2017's top searches https://t.co/4omEEZ030k,97
397,@FoxNews,0.0,Thu Dec 14 08:00:00 +0000 2017,1.0,0.0,0.0,"Ohio man, 22, brought chicken Alfredo, Sprite, to meet 15-year-old boy who was undercover cop, reports say https://t.co/dxhxld61CZ",98
398,@FoxNews,-0.7269,Thu Dec 14 07:30:00 +0000 2017,0.596,0.404,0.0,"Teen found dead in dorm after complaining of headaches, vomiting https://t.co/wq0EqOKsMj",99
399,@FoxNews,0.4019,Thu Dec 14 07:11:58 +0000 2017,0.816,0.0,0.184,Tavis Smiley rips PBS's 'so-called investigation' into sexual misconduct claims https://t.co/vzGFOMJ1i5 via @gregg_re,100
400,@nytimes,0.4939,Thu Dec 14 16:45:10 +0000 2017,0.789,0.0,0.211,"For a while, Rupert Murdoch seemed invincible. Now the buyer has become a seller. https://t.co/M3uLGlVYG2",1
401,@nytimes,-0.5423,Thu Dec 14 16:39:57 +0000 2017,0.788,0.212,0.0,"The Texas Republican settled a lurid sexual harassment claim with $84,000 of taxpayer money. https://t.co/R0Pm9L9run",2
402,@nytimes,-0.8074,Thu Dec 14 16:37:08 +0000 2017,0.711,0.289,0.0,"RT @kerrimac: ‚ÄúThey spent their lives in misery, they died in misery.‚Äù Our latest Instagram Story on https://t.co/SKJsd8KAHk is a condensed‚Ä¶",3
403,@nytimes,0.6369,Thu Dec 14 16:33:16 +0000 2017,0.826,0.0,0.174,"Best known for heading the team that produced The Times‚Äôs ‚Äúinnovation report‚Äù in 2014, A. G. Sulzberger will be the‚Ä¶ https://t.co/mMjKI1B00T",4
404,@nytimes,0.6124,Thu Dec 14 16:27:56 +0000 2017,0.783,0.0,0.217,"Breaking News: A.G. Sulzberger, 37, will succeed his father as New York Times publisher, the company‚Äôs top job. He‚Ä¶ https://t.co/oWaQpmv2WE",5
405,@nytimes,0.0,Thu Dec 14 16:22:14 +0000 2017,1.0,0.0,0.0,"RT @nytgraphics: Here's what we know about the final tax bill, and how it would affect families, homeowners, businesses and more. https://t‚Ä¶",6
406,@nytimes,0.0,Thu Dec 14 16:15:12 +0000 2017,1.0,0.0,0.0,"RT @nytmedia: ‚ÄúThis Is Us,‚Äù ‚ÄúHomeland,‚Äù ‚ÄúStar Wars‚Äù: This is what Disney is getting from its takeover of Fox https://t.co/jAKRec6Bh7",7
407,@nytimes,-0.3164,Thu Dec 14 16:09:08 +0000 2017,0.562,0.243,0.195,"RT @arappeport: Promises, promises? Activists tell Susan Collins she's being duped on tax deals. ""They're lying to you!""  https://t.co/VXdd‚Ä¶",8
408,@nytimes,0.0,Thu Dec 14 16:00:31 +0000 2017,1.0,0.0,0.0,~* iT's ThE eNd Of An ErA *~ https://t.co/OzBNAPkhIn,9
409,@nytimes,0.25,Thu Dec 14 15:50:10 +0000 2017,0.913,0.0,0.087,"RT @nytopinion: Lindy West writes: ""It is with 100 percent professional certainty that I must inform you our president, Donald Trump, is a‚Ä¶",10
410,@nytimes,0.204,Thu Dec 14 15:40:17 +0000 2017,0.656,0.135,0.209,The sight of evangelical voters in Alabama giving their support to Roy Moore has deeply troubled many conservative‚Ä¶ https://t.co/EBLjk0jkEi,11
411,@nytimes,0.0258,Thu Dec 14 15:30:19 +0000 2017,0.787,0.105,0.109,"RT @DLeonhardt: After we published a list of Trump's lies this summer, some of his supporters asked us to compare Trump to other presidents‚Ä¶",12
412,@nytimes,-0.4404,Thu Dec 14 15:25:06 +0000 2017,0.879,0.121,0.0,"The leader of the FCC has dismissed criticism that by pushing the net neutrality repeal, he was doing the bidding o‚Ä¶ https://t.co/EoDq9oGGFj",13
413,@nytimes,0.0,Thu Dec 14 15:23:00 +0000 2017,1.0,0.0,0.0,Almost 600 readers wrote to us about what Jerusalem means to them. Here are some of the most evocative responses: https://t.co/LRplXaPG8q,14
414,@nytimes,0.4939,Thu Dec 14 15:20:15 +0000 2017,0.856,0.0,0.144,"""Their bravery changed the world,"" Samantha Bee said of the women who came forward against Roy Moore. Late-night ro‚Ä¶ https://t.co/yTjUpDiViD",15
415,@nytimes,0.2023,Thu Dec 14 15:16:07 +0000 2017,0.909,0.0,0.091,"RT @amychozick: This is Rupert Murdoch‚Äôs King Lear moment, dividing up his spoils and throwing succession into question. https://t.co/ZgaxU‚Ä¶",16
416,@nytimes,-0.6705,Thu Dec 14 15:10:11 +0000 2017,0.809,0.191,0.0,"Police killed a 69-year-old Bronx man in his apartment. Now, questions have emerged and the family is asking why de‚Ä¶ https://t.co/MnyRo6v7C7",17
417,@nytimes,0.0,Thu Dec 14 15:00:41 +0000 2017,1.0,0.0,0.0,Morning Briefing: Here's what you need to know to start your day https://t.co/fyCmqmKRrf https://t.co/e17PJ6oOic,18
418,@nytimes,0.4404,Thu Dec 14 14:50:04 +0000 2017,0.828,0.0,0.172,Opinion: Net neutrality is called the First Amendment of the internet for a good reason https://t.co/Y6YGl88HyS,19
419,@nytimes,0.0,Thu Dec 14 14:39:04 +0000 2017,1.0,0.0,0.0,What Disney is getting from Fox https://t.co/bYwG6fINi8,20
420,@nytimes,0.0,Thu Dec 14 14:31:54 +0000 2017,1.0,0.0,0.0,"RT @NYTArchives: Gunman massacres 20 children at Sandy Hook Elementary School, 5 years ago today. https://t.co/zWeSMzLY2e https://t.co/HpcI‚Ä¶",21
421,@nytimes,0.0,Thu Dec 14 14:29:14 +0000 2017,1.0,0.0,0.0,"""How old would Ben be?""

""Eleven."" Ben Wheeler would be a sixth-grader now. https://t.co/DvVcuVXgxA",22
422,@nytimes,0.1531,Thu Dec 14 14:20:05 +0000 2017,0.515,0.221,0.265,The biggest tech failures and successes of 2017 https://t.co/Bb00Y76W5T,23
423,@nytimes,0.0,Thu Dec 14 14:11:04 +0000 2017,1.0,0.0,0.0,Opinion: The politics of #HimToo https://t.co/6Kan9DNd5g,24
424,@nytimes,0.0,Thu Dec 14 14:00:11 +0000 2017,1.0,0.0,0.0,Leaders and officials of Muslim nations declared East Jerusalem the Palestinian capital https://t.co/DjADxm5FxM,25
425,@nytimes,-0.7096,Thu Dec 14 13:48:05 +0000 2017,0.763,0.237,0.0,"""There's no state in America where black people recognize the horrors of turning back the clock more than the State‚Ä¶ https://t.co/6ci732RLfH",26
426,@nytimes,0.0,Thu Dec 14 13:40:10 +0000 2017,1.0,0.0,0.0,What Republicans think about climate change ‚Äî in maps https://t.co/OJSoujBTRE,27
427,@nytimes,0.0,Thu Dec 14 13:30:14 +0000 2017,1.0,0.0,0.0,"How the tide turned against Roy Moore in Alabama
https://t.co/BpF1AIhPlG",28
428,@nytimes,-0.4588,Thu Dec 14 13:20:06 +0000 2017,0.769,0.231,0.0,"Bermuda banned same-sex marriage, just months after a court legalized it https://t.co/Br1HGDkqbz",29
429,@nytimes,0.0,Thu Dec 14 13:00:26 +0000 2017,1.0,0.0,0.0,Morning Briefing: Here's what you need to know to start your day https://t.co/Lzb3pHsgY3 https://t.co/HvzKkyERBM,30
430,@nytimes,-0.8885,Thu Dec 14 12:50:04 +0000 2017,0.488,0.512,0.0,"Representative Dan Johnson, accused of molesting a 17-year-old girl, killed himself on Wednesday https://t.co/7sWe2OPXbr",31
431,@nytimes,0.5423,Thu Dec 14 12:40:00 +0000 2017,0.8,0.0,0.2,"Disney now has enough muscle to become a true competitor to Netflix, Apple, Amazon, Google and Facebook in the fast‚Ä¶ https://t.co/lixVLuHxq7",32
432,@nytimes,-0.25,Thu Dec 14 12:31:10 +0000 2017,0.739,0.152,0.109,"The Alabama election was a measure of the deep divide among women over personal issues like sexual harassment, reli‚Ä¶ https://t.co/QbCGzExzfU",33
433,@nytimes,-0.6808,Thu Dec 14 12:21:05 +0000 2017,0.805,0.195,0.0,"‚ÄúI didn‚Äôt sing for almost a year.‚Äù ‚ÄîTina Baker, a performer who said Russell Simmons raped her in his apartment in‚Ä¶ https://t.co/FKqp3kcDqK",34
434,@nytimes,0.0,Thu Dec 14 12:12:43 +0000 2017,1.0,0.0,0.0,"Breaking News: The Walt Disney Company is buying most of Rupert Murdoch‚Äôs 21st Century Fox, a $52.4 billion deal li‚Ä¶ https://t.co/55YtYOYAVE",35
435,@nytimes,0.3612,Thu Dec 14 12:10:07 +0000 2017,0.815,0.0,0.185,What would the modern internet look like without net neutrality rules? https://t.co/HfxtoXQUzI,36
436,@nytimes,0.0,Thu Dec 14 11:56:06 +0000 2017,1.0,0.0,0.0,12/14 https://t.co/Mp2ckDtFS9,37
437,@nytimes,0.0,Thu Dec 14 11:50:08 +0000 2017,1.0,0.0,0.0,"The biggest tech companies, such as Facebook and Google, have taken a back seat in the debate about protecting net‚Ä¶ https://t.co/WOORYNQ0ZM",38
438,@nytimes,0.0,Thu Dec 14 11:40:06 +0000 2017,1.0,0.0,0.0,"Facebook says there's little evidence of a Russian effort to influence the ""Brexit"" vote. A British minister is not‚Ä¶ https://t.co/vT9CChtvFP",39
439,@nytimes,0.0,Thu Dec 14 11:30:09 +0000 2017,1.0,0.0,0.0,Morning¬†Briefing: Here's what you need to know to start your day https://t.co/dM34E1OHKU https://t.co/Sk9LwPgsRF,40
440,@nytimes,0.0,Thu Dec 14 11:15:06 +0000 2017,1.0,0.0,0.0,"When an astronaut took nighttime pictures of Europe this year, one nation stood out: Belgium https://t.co/JrcbMwvMox",41
441,@nytimes,0.0,Thu Dec 14 11:00:09 +0000 2017,1.0,0.0,0.0,Leaders and officials of Muslim nations declared East Jerusalem the Palestinian capital https://t.co/QbWsnlrP61,42
442,@nytimes,-0.8225,Thu Dec 14 10:44:09 +0000 2017,0.61,0.39,0.0,A video showing a shark being dragged behind a speedboat led to the arrest of 3 men on charges of animal cruelty https://t.co/I7JE1BabEn,43
443,@nytimes,-0.3182,Thu Dec 14 10:33:41 +0000 2017,0.901,0.099,0.0,"RT @NeilMacFarquhar: #Putin: US accusations of Russian meddling is ""hysteria,"" not least given the tiny numbers and small footprint of RT n‚Ä¶",44
444,@nytimes,0.4767,Thu Dec 14 10:31:07 +0000 2017,0.73,0.069,0.202,"One rebel Conservative lawmaker tweeted that she had ""put the interests of everyone in the U.K. before party loyalt‚Ä¶ https://t.co/bA1N9c8bfM",45
445,@nytimes,0.7506,Thu Dec 14 10:14:04 +0000 2017,0.738,0.0,0.262,"Trump has often told supporters that under his presidency ""we will be saying Merry Christmas again."" But most Ameri‚Ä¶ https://t.co/c25QJCkryi",46
446,@nytimes,-0.2263,Thu Dec 14 10:00:04 +0000 2017,0.917,0.083,0.0,"RT @nytimesworld: ‚ÄúIt‚Äôs as if life has stopped in its tracks."" A rare firsthand account of decimation in Rakhine State in Myanmar. https://‚Ä¶",47
447,@nytimes,-0.8885,Thu Dec 14 09:45:05 +0000 2017,0.488,0.512,0.0,"Representative Dan Johnson, accused of molesting a 17-year-old girl, killed himself on Wednesday https://t.co/ktktYNmvk2",48
448,@nytimes,0.0,Thu Dec 14 09:30:05 +0000 2017,1.0,0.0,0.0,"RT @nytimesworld: U.S. money flows to Honduras ""but it hasn't produced the results that Honduras needs,"" says Senator Patrick J. Leahy http‚Ä¶",49
449,@nytimes,0.0,Thu Dec 14 09:15:06 +0000 2017,1.0,0.0,0.0,"""Finally, the world recognizes the capability of the pizza maker"" https://t.co/JapyGMWybl",50
450,@nytimes,-0.5994,Thu Dec 14 09:02:06 +0000 2017,0.849,0.151,0.0,They pull on their death smocks and pass around rum. The men on the burial team steel themselves for the grisly tas‚Ä¶ https://t.co/waHXsAOMuT,51
451,@nytimes,0.0,Thu Dec 14 08:47:04 +0000 2017,1.0,0.0,0.0,"RT @sangerkatz: Obamacare open enrollment is coming to an end in most states on the 15th. If you need a place to start, here are some basic‚Ä¶",52
452,@nytimes,0.0,Thu Dec 14 08:34:08 +0000 2017,1.0,0.0,0.0,"Got unpaid debts? In China, the government might end up publishing your name online. https://t.co/VloT8bFLgZ",53
453,@nytimes,-0.34,Thu Dec 14 08:19:44 +0000 2017,0.769,0.231,0.0,Rwanda Accuses France of Complicity in 1994 Genocide https://t.co/vX5i5BIkEO,54
454,@nytimes,-0.2732,Thu Dec 14 08:17:06 +0000 2017,0.82,0.12,0.06,A new report backed by the Rwandan government has accused France of complicity in the 1994 genocide https://t.co/Lfgtwggq4Y,55
455,@nytimes,-0.4198,Thu Dec 14 08:02:03 +0000 2017,0.715,0.178,0.107,"RT @hfairfield: What made Hurricane Harvey‚Äôs record rainfall so bad? New studies say yes, it was climate change. https://t.co/FPSl2auGEr ht‚Ä¶",56
456,@nytimes,0.8126,Thu Dec 14 07:56:51 +0000 2017,0.455,0.0,0.545,A Smarter Way to Clean Up After Your Big Party https://t.co/ZMurY7vK5y,57
457,@nytimes,0.0,Thu Dec 14 07:35:25 +0000 2017,1.0,0.0,0.0,"Globally, we throw out about 1.3 billion tons of food a year, or a third of all the food that we grow https://t.co/JcWWdjd4KH",58
458,@nytimes,0.3736,Thu Dec 14 07:18:25 +0000 2017,0.854,0.0,0.146,"""When is ‚Äúnot telling‚Äù lying?"" That age-old question: How much sexual history should we share? https://t.co/jvpEj6pnaA",59
459,@nytimes,-0.3009,Thu Dec 14 07:02:05 +0000 2017,0.735,0.173,0.092,"""I was like, 'I do not want to be famous for being sexually harassed by Russell Simmons,' Drew Dixon said, citing t‚Ä¶ https://t.co/9BjW2JNmvv",60
460,@nytimes,0.0,Thu Dec 14 06:47:07 +0000 2017,1.0,0.0,0.0,"How the tide turned against Roy Moore in Alabama
https://t.co/lll9ht9Kcv",61
461,@nytimes,0.0,Thu Dec 14 06:32:06 +0000 2017,1.0,0.0,0.0,Congressional Republicans began work on a bill to roll back Obama-era controls on for-profit colleges https://t.co/tthhTdM2me,62
462,@nytimes,0.6908,Thu Dec 14 06:17:06 +0000 2017,0.808,0.0,0.192,RT @jennydeluxe: Wrote about how it felt to watch powerful men to fall &amp; why women of color still aren‚Äôt safe enough to speak out https://t‚Ä¶,63
463,@nytimes,0.4939,Thu Dec 14 06:02:05 +0000 2017,0.878,0.0,0.122,"‚ÄúYou may remember when you were a little kid, your dad took care of my Beau,‚Äù Joe Biden said to Meghan McCain in a‚Ä¶ https://t.co/MIZLytMAHZ",64
464,@nytimes,-0.5423,Thu Dec 14 05:47:06 +0000 2017,0.868,0.132,0.0,"RT @joecoscarelli: Drew Dixon, a rising A&amp;R exec under Simmons at Def Jam, went on to work for L.A. Reid, whose sexual harassment drove her‚Ä¶",65
465,@nytimes,0.0,Thu Dec 14 05:32:09 +0000 2017,1.0,0.0,0.0,"When an astronaut took nighttime pictures of Europe this year, one nation stood out: Belgium https://t.co/H9SJC47F95",66
466,@nytimes,-0.6369,Thu Dec 14 05:19:34 +0000 2017,0.606,0.394,0.0,China Names and Shames Tech Tycoon With Debt Blacklist https://t.co/ksbYiPQeMQ,67
467,@nytimes,-0.4767,Thu Dec 14 05:17:04 +0000 2017,0.727,0.175,0.098,"RT @nytopinion: Most of Alabama‚Äôs white voters did vote for Mr. Moore, either despite or because of his support for slavery https://t.co/E8‚Ä¶",68
468,@nytimes,-0.7579,Thu Dec 14 05:07:08 +0000 2017,0.595,0.305,0.1,"Doctors have found a new way to treat heart arrhythmias leading to sudden death, a leading killer in the U.S. https://t.co/vou7JViyli",69
469,@nytimes,-0.6808,Thu Dec 14 04:57:04 +0000 2017,0.833,0.167,0.0,"Toni Sallie told The New York Times that Russell Simmons raped her in 1988. To this day, she said, ""I don‚Äôt feel co‚Ä¶ https://t.co/hXUXMH4eA4",70
470,@nytimes,0.0,Thu Dec 14 04:47:30 +0000 2017,1.0,0.0,0.0,A taste of the year in apologies ‚Äî and non-apologies https://t.co/L7rpen5OnK https://t.co/3Yr85AJscb,71
471,@nytimes,-0.7184,Thu Dec 14 04:37:02 +0000 2017,0.739,0.261,0.0,"RT @MaggieAstor: Dan Johnson, a first-term Republican in the Kentucky House, was accused of molesting a 17-year-old parishioner at the chur‚Ä¶",72
472,@nytimes,0.0,Thu Dec 14 04:27:05 +0000 2017,1.0,0.0,0.0,House vs. Senate: The tax changes up for debate and how different taxpayers would fare https://t.co/ZXrXPJx2bD,73
473,@nytimes,0.5994,Thu Dec 14 04:17:04 +0000 2017,0.726,0.0,0.274,"How the Fed rate increase affects your mortgage, car loan and credit card bill https://t.co/JrJZMtvDdt",74
474,@nytimes,0.0,Thu Dec 14 04:02:04 +0000 2017,1.0,0.0,0.0,"Dying has its own biology and symptoms. It‚Äôs a diagnosis in itself. https://t.co/5XnLGw5myl

This was one of our mo‚Ä¶ https://t.co/QUL1QqJb52",75
475,@nytimes,-0.0516,Thu Dec 14 03:47:04 +0000 2017,0.816,0.095,0.088,RT @porterthereport: Dear World: This is the story I've been working on for the past 3 months. It both broke my heart and made me whole. In‚Ä¶,76
476,@nytimes,0.0,Thu Dec 14 03:37:04 +0000 2017,1.0,0.0,0.0,"Michael Dourson, who founded a research center with close ties to the chemical industry, withdrew his name from con‚Ä¶ https://t.co/Id8VFQTcmy",77
477,@nytimes,-0.8225,Thu Dec 14 03:27:06 +0000 2017,0.61,0.39,0.0,A video showing a shark being dragged behind a speedboat led to the arrest of 3 men on charges of animal cruelty https://t.co/tIJysWjoD7,78
478,@nytimes,0.6249,Thu Dec 14 03:17:08 +0000 2017,0.837,0.0,0.163,"The Great Red Spot is 10,000 miles wide and now scientists know that it dives at least 200 miles into Jupiter https://t.co/fRPnDI2ONx",79
479,@nytimes,-0.872,Thu Dec 14 03:07:02 +0000 2017,0.536,0.35,0.115,RT @joecoscarelli: Russell Simmons admitted to sexual harassment at Def Jam but is denying he raped anyone: ‚ÄúI have accepted that I can and‚Ä¶,80
480,@nytimes,-0.296,Thu Dec 14 03:00:30 +0000 2017,0.905,0.095,0.0,"People who found a Tickle Me Elmo doll, or elusive Beanie Babies, or a Furby (even though you had no idea what a Fu‚Ä¶ https://t.co/niYS5Cu2jO",81
481,@nytimes,0.0,Thu Dec 14 02:47:05 +0000 2017,1.0,0.0,0.0,When a hurricane hits home: How 6 photographers in Puerto Rico have covered the storm and its aftermath‚Ä¶ https://t.co/nyXfUSCSht,82
482,@nytimes,0.0,Thu Dec 14 02:36:06 +0000 2017,1.0,0.0,0.0,"RT @brooksbarnesNYT: New from me: Inside Ridley Scott's scramble to re-do ""All the Money in the World"" with Christopher Plummer, an effort‚Ä¶",83
483,@nytimes,0.0,Thu Dec 14 02:27:05 +0000 2017,1.0,0.0,0.0,"How the tide turned against Roy Moore in Alabama
https://t.co/EwsVg7LVfz",84
484,@nytimes,0.0,Thu Dec 14 02:17:07 +0000 2017,1.0,0.0,0.0,Evening Briefing: Here's what you need to know at the end of the day https://t.co/8cHQCVxL3a,85
485,@nytimes,0.4754,Thu Dec 14 02:02:02 +0000 2017,0.872,0.0,0.128,"Dansko clogs are ‚Äî for some ‚Äî a way of life https://t.co/kj44GQvM9C

This was one of our most popular stories on social media this year.",86
486,@nytimes,0.0,Thu Dec 14 01:47:06 +0000 2017,1.0,0.0,0.0,"The first public details of the 2019 L train shutdown include car pools, a new ferry route and bicycles  https://t.co/3XMYs2UH37",87
487,@nytimes,0.4215,Thu Dec 14 01:41:06 +0000 2017,0.763,0.0,0.237,RT @EricLiptonNYT: @BySheilaKaplan Trump‚Äôs E.P.A. Chemical Safety Nominee Withdraws https://t.co/unPz3TaRRF,88
488,@nytimes,0.4939,Thu Dec 14 01:32:03 +0000 2017,0.878,0.0,0.122,"‚ÄúYou may remember when you were a little kid, your dad took care of my Beau,‚Äù Joe Biden  said to Meghan McCain in a‚Ä¶ https://t.co/AhyuSfCWqL",89
489,@nytimes,0.0,Thu Dec 14 01:17:07 +0000 2017,1.0,0.0,0.0,The Geminids meteor shower peaks tonight. Here's what you need to know. https://t.co/3RhDWVpF2b,90
490,@nytimes,0.6369,Thu Dec 14 01:02:05 +0000 2017,0.588,0.0,0.412,The best classical music of 2017 https://t.co/YKMwlepf1S,91
491,@nytimes,0.0,Thu Dec 14 00:47:07 +0000 2017,1.0,0.0,0.0,"RT @alanblinder: Nick Saban was not available for comment for our report about the 22,819 write-in votes in Alabama's Senate race. (Yes, we‚Ä¶",92
492,@nytimes,0.0,Thu Dec 14 00:32:04 +0000 2017,1.0,0.0,0.0,Congressional Republicans began work on a bill to roll back Obama-era controls on for-profit colleges https://t.co/rrcOXy89S3,93
493,@nytimes,0.0,Thu Dec 14 00:17:03 +0000 2017,1.0,0.0,0.0,Evening Briefing: Here's what you need to know at the end of the day https://t.co/Dqw39j3xSf,94
494,@nytimes,0.0,Wed Dec 13 23:58:15 +0000 2017,1.0,0.0,0.0,"‚ÄúEverybody needs someone to bury them,‚Äù says Rapha√´l Louigene, the team‚Äôs leader. https://t.co/j5pqJY559a https://t.co/ux6JE6ysoA",95
495,@nytimes,-0.1531,Wed Dec 13 23:55:39 +0000 2017,0.824,0.104,0.071,"30,000: the estimated number of forgotten bodies this team has buried in the past decade. https://t.co/j5pqJY559a https://t.co/Jv1PmxqrEH",96
496,@nytimes,0.0,Wed Dec 13 23:53:55 +0000 2017,1.0,0.0,0.0,"Christmas is their busiest time. Then, they can‚Äôt stand the idea of leaving rotting bodies behind, so they take as‚Ä¶ https://t.co/gEv06oSLCN",97
497,@nytimes,-0.4767,Wed Dec 13 23:52:08 +0000 2017,0.876,0.124,0.0,All of the members of the burial team grew up poor. Many were orphans. They see themselves in the bodies they pick‚Ä¶ https://t.co/j22mRLBCSg,98
498,@nytimes,-0.5574,Wed Dec 13 23:50:41 +0000 2017,0.796,0.204,0.0,"Before the burial team stepped in, forgotten bodies were dumped in the desert. These men offer them some dignity.‚Ä¶ https://t.co/jgpro3GqKU",99
499,@nytimes,-0.8074,Wed Dec 13 23:48:08 +0000 2017,0.711,0.289,0.0,"They have come to collect the abandoned dead in Port-au-Prince. Stacked up in cellar-like rooms, these are the bodi‚Ä¶ https://t.co/sMgB9bvoVA",100
